feature,mean_abs_shap
is_agriculture_by_text,5.393351
is_agriculture_by_sector,2.883178
kw_food,0.11763438
sector_standard_water_irrigation,0.091362245
kw_agriculture,0.06176512
tfidf_in,0.052876003
tfidf_of,0.047365803
tfidf_be,0.03246207
sector_standard_other,0.032447763
tfidf_should,0.02864963
tfidf_eu,0.027037093
days_to_close,0.023134086
tfidf_food,0.022533301
sector_standard_climate_environment,0.022167373
sector_standard_agriculture,0.02078183
tfidf_rural,0.018263694
tfidf_economic,0.016703574
kw_climate,0.014505292
tfidf_into,0.012547835
kw_crop,0.012010842
subtheme_other,0.011616106
publish_year,0.01130023
tfidf_will,0.011138819
sector_standard_research_innovation,0.007264177
tfidf_this,0.0067267744
tfidf_water,0.006654329
tfidf_environmental,0.0051265745
tfidf_areas,0.0047895415
tfidf_research,0.0036798308
sector_standard_food_security,0.002952527
subtheme_crop_production,0.0025195482
tfidf_regions,0.0025028514
tfidf_the,0.0021947226
tfidf_scope,0.0020119927
tfidf_marine,0.001007892
tfidf_at,0.0010018834
tfidf_blue,0.0009084284
tfidf_lower,0.00086194143
tfidf_inland,0.0008428075
tfidf_base,0.00077869964
tfidf_expected impact,0.00073021796
tfidf_agricultural,0.0006291237
tfidf_expected,0.0004941954
tfidf_ocean,0.00047060093
tfidf_solid,0.0004159972
tfidf_energy,0.00039901366
tfidf_encouraged the,0.00038738782
tfidf_impact,0.00037761073
tfidf_design,0.0002451432
tfidf_to the,0.00023347717
tfidf_and human,0.0002029138
tfidf_communities,0.00014448908
tfidf_action will,9.444882e-05
tfidf_following areas,9.210905e-05
tfidf_financing,7.795652e-05
tfidf_facility,6.52657e-05
tfidf_world,0.0
tfidf_worldwide,0.0
tfidf_would,0.0
tfidf_would allow,0.0
tfidf_would be,0.0
region_Europe,0.0
region_North America,0.0
sector_standard_rural_development,0.0
subtheme_climate_smart_agriculture,0.0
subtheme_food_security,0.0
subtheme_irrigation,0.0
subtheme_livestock,0.0
subtheme_rural_livelihoods,0.0
tfidf_000,0.0
tfidf_01,0.0
tfidf_02,0.0
tfidf_03,0.0
tfidf_05,0.0
tfidf_10,0.0
tfidf_100,0.0
tfidf_11,0.0
tfidf_12,0.0
tfidf_13,0.0
tfidf_14,0.0
tfidf_15,0.0
tfidf_16,0.0
tfidf_17,0.0
tfidf_18,0.0
tfidf_19,0.0
tfidf_20,0.0
tfidf_2008,0.0
tfidf_2011,0.0
tfidf_2012,0.0
tfidf_2013,0.0
tfidf_2014,0.0
tfidf_2014 2015,0.0
tfidf_2015,0.0
tfidf_2016,0.0
tfidf_2016 2017,0.0
tfidf_2017,0.0
tfidf_2018,0.0
tfidf_2018 2019,0.0
tfidf_2018 2020,0.0
tfidf_2019,0.0
tfidf_2019 2020,0.0
tfidf_2020,0.0
tfidf_2020 and,0.0
tfidf_2021,0.0
tfidf_2022,0.0
tfidf_2023,0.0
tfidf_2024,0.0
tfidf_2025,0.0
tfidf_2026,0.0
tfidf_2027,0.0
tfidf_2030,0.0
tfidf_2050,0.0
tfidf_24,0.0
tfidf_25,0.0
tfidf_30,0.0
tfidf_40,0.0
tfidf_50,0.0
tfidf_5g,0.0
tfidf_70,0.0
tfidf_ability,0.0
tfidf_ability to,0.0
tfidf_able,0.0
tfidf_able to,0.0
tfidf_about,0.0
tfidf_about the,0.0
tfidf_above,0.0
tfidf_academia,0.0
tfidf_academic,0.0
tfidf_accelerate,0.0
tfidf_accelerate the,0.0
tfidf_accelerating,0.0
tfidf_acceptance,0.0
tfidf_acceptance of,0.0
tfidf_access,0.0
tfidf_access and,0.0
tfidf_access to,0.0
tfidf_accessibility,0.0
tfidf_accessible,0.0
tfidf_accordance,0.0
tfidf_accordance with,0.0
tfidf_according,0.0
tfidf_according to,0.0
tfidf_account,0.0
tfidf_account the,0.0
tfidf_accuracy,0.0
tfidf_accurate,0.0
tfidf_achieve,0.0
tfidf_achieve the,0.0
tfidf_achieve trl,0.0
tfidf_achieved,0.0
tfidf_achievement,0.0
tfidf_achievement of,0.0
tfidf_achievements,0.0
tfidf_achieving,0.0
tfidf_achieving the,0.0
tfidf_acquisition,0.0
tfidf_across,0.0
tfidf_across different,0.0
tfidf_across europe,0.0
tfidf_across the,0.0
tfidf_act,0.0
tfidf_action,0.0
tfidf_action is,0.0
tfidf_action plan,0.0
tfidf_action research,0.0
tfidf_action should,0.0
tfidf_action the,0.0
tfidf_action to,0.0
tfidf_actions,0.0
tfidf_actions and,0.0
tfidf_actions for,0.0
tfidf_actions in,0.0
tfidf_actions should,0.0
tfidf_actions to,0.0
tfidf_actions will,0.0
tfidf_active,0.0
tfidf_active in,0.0
tfidf_actively,0.0
tfidf_activities,0.0
tfidf_activities and,0.0
tfidf_activities are,0.0
tfidf_activities for,0.0
tfidf_activities in,0.0
tfidf_activities of,0.0
tfidf_activities on,0.0
tfidf_activities should,0.0
tfidf_activities such,0.0
tfidf_activities that,0.0
tfidf_activities the,0.0
tfidf_activities to,0.0
tfidf_activities will,0.0
tfidf_activities with,0.0
tfidf_activity,0.0
tfidf_actor,0.0
tfidf_actor approach,0.0
tfidf_actors,0.0
tfidf_actors and,0.0
tfidf_actors in,0.0
tfidf_actual,0.0
tfidf_adapt,0.0
tfidf_adaptation,0.0
tfidf_adaptation and,0.0
tfidf_adaptation to,0.0
tfidf_adapted,0.0
tfidf_adapted to,0.0
tfidf_adaptive,0.0
tfidf_added,0.0
tfidf_added value,0.0
tfidf_addition,0.0
tfidf_addition the,0.0
tfidf_addition to,0.0
tfidf_additional,0.0
tfidf_address,0.0
tfidf_address all,0.0
tfidf_address one,0.0
tfidf_address the,0.0
tfidf_addressed,0.0
tfidf_addressed appropriately,0.0
tfidf_addresses,0.0
tfidf_addressing,0.0
tfidf_addressing the,0.0
tfidf_adequate,0.0
tfidf_administrations,0.0
tfidf_administrative,0.0
tfidf_adopted,0.0
tfidf_adoption,0.0
tfidf_adoption of,0.0
tfidf_advance,0.0
tfidf_advanced,0.0
tfidf_advances,0.0
tfidf_advantage,0.0
tfidf_advice,0.0
tfidf_advisors,0.0
tfidf_advisory,0.0
tfidf_affect,0.0
tfidf_affected,0.0
tfidf_affordable,0.0
tfidf_africa,0.0
tfidf_african,0.0
tfidf_after,0.0
tfidf_after the,0.0
tfidf_ag,0.0
tfidf_against,0.0
tfidf_age,0.0
tfidf_ageing,0.0
tfidf_agencies,0.0
tfidf_agency,0.0
tfidf_agenda,0.0
tfidf_agreed,0.0
tfidf_agreement,0.0
tfidf_agreements,0.0
tfidf_agri,0.0
tfidf_agri food,0.0
tfidf_agriculture,0.0
tfidf_agriculture and,0.0
tfidf_agro,0.0
tfidf_ai,0.0
tfidf_aim,0.0
tfidf_aim at,0.0
tfidf_aim is,0.0
tfidf_aim of,0.0
tfidf_aim to,0.0
tfidf_aimed,0.0
tfidf_aimed at,0.0
tfidf_aiming,0.0
tfidf_aiming at,0.0
tfidf_aiming to,0.0
tfidf_aims,0.0
tfidf_aims at,0.0
tfidf_aims to,0.0
tfidf_air,0.0
tfidf_airborne,0.0
tfidf_aircraft,0.0
tfidf_airport,0.0
tfidf_airports,0.0
tfidf_airspace,0.0
tfidf_akis,0.0
tfidf_algorithms,0.0
tfidf_aligned,0.0
tfidf_alignment,0.0
tfidf_all,0.0
tfidf_all of,0.0
tfidf_all relevant,0.0
tfidf_all the,0.0
tfidf_alliance,0.0
tfidf_alliances,0.0
tfidf_allow,0.0
tfidf_allow for,0.0
tfidf_allow the,0.0
tfidf_allow this,0.0
tfidf_allowed,0.0
tfidf_allowing,0.0
tfidf_allows,0.0
tfidf_along,0.0
tfidf_along the,0.0
tfidf_already,0.0
tfidf_also,0.0
tfidf_also be,0.0
tfidf_also contribute,0.0
tfidf_also in,0.0
tfidf_also include,0.0
tfidf_alternative,0.0
tfidf_alternatives,0.0
tfidf_although,0.0
tfidf_ambition,0.0
tfidf_ambitious,0.0
tfidf_among,0.0
tfidf_among others,0.0
tfidf_among the,0.0
tfidf_amongst,0.0
tfidf_amount,0.0
tfidf_amount of,0.0
tfidf_amounts,0.0
tfidf_amounts expected,0.0
tfidf_an,0.0
tfidf_an eu,0.0
tfidf_an important,0.0
tfidf_an integrated,0.0
tfidf_an open,0.0
tfidf_analyse,0.0
tfidf_analysis,0.0
tfidf_analysis and,0.0
tfidf_analysis of,0.0
tfidf_analytical,0.0
tfidf_analytics,0.0
tfidf_and,0.0
tfidf_and achieve,0.0
tfidf_and activities,0.0
tfidf_and adaptation,0.0
tfidf_and address,0.0
tfidf_and air,0.0
tfidf_and analysis,0.0
tfidf_and applications,0.0
tfidf_and are,0.0
tfidf_and assess,0.0
tfidf_and associated,0.0
tfidf_and at,0.0
tfidf_and awareness,0.0
tfidf_and be,0.0
tfidf_and benefits,0.0
tfidf_and best,0.0
tfidf_and better,0.0
tfidf_and beyond,0.0
tfidf_and biodiversity,0.0
tfidf_and build,0.0
tfidf_and business,0.0
tfidf_and by,0.0
tfidf_and capacity,0.0
tfidf_and care,0.0
tfidf_and citizens,0.0
tfidf_and civil,0.0
tfidf_and climate,0.0
tfidf_and co,0.0
tfidf_and communication,0.0
tfidf_and communities,0.0
tfidf_and consumption,0.0
tfidf_and contribute,0.0
tfidf_and control,0.0
tfidf_and cooperation,0.0
tfidf_and coordination,0.0
tfidf_and cost,0.0
tfidf_and cross,0.0
tfidf_and cultural,0.0
tfidf_and data,0.0
tfidf_and decision,0.0
tfidf_and demonstrate,0.0
tfidf_and demonstration,0.0
tfidf_and deployment,0.0
tfidf_and develop,0.0
tfidf_and developing,0.0
tfidf_and development,0.0
tfidf_and digital,0.0
tfidf_and dissemination,0.0
tfidf_and distribution,0.0
tfidf_and economic,0.0
tfidf_and effective,0.0
tfidf_and efficient,0.0
tfidf_and emerging,0.0
tfidf_and end,0.0
tfidf_and energy,0.0
tfidf_and ensure,0.0
tfidf_and environmental,0.0
tfidf_and eu,0.0
tfidf_and european,0.0
tfidf_and evaluation,0.0
tfidf_and exchange,0.0
tfidf_and exploitation,0.0
tfidf_and facilitate,0.0
tfidf_and financial,0.0
tfidf_and food,0.0
tfidf_and for,0.0
tfidf_and further,0.0
tfidf_and future,0.0
tfidf_and gender,0.0
tfidf_and global,0.0
tfidf_and growth,0.0
tfidf_and health,0.0
tfidf_and high,0.0
tfidf_and horizon,0.0
tfidf_and how,0.0
tfidf_and humanities,0.0
tfidf_and if,0.0
tfidf_and impact,0.0
tfidf_and implement,0.0
tfidf_and implementation,0.0
tfidf_and improve,0.0
tfidf_and improved,0.0
tfidf_and in,0.0
tfidf_and increase,0.0
tfidf_and industrial,0.0
tfidf_and industry,0.0
tfidf_and information,0.0
tfidf_and initiatives,0.0
tfidf_and innovation,0.0
tfidf_and innovative,0.0
tfidf_and integrated,0.0
tfidf_and integration,0.0
tfidf_and international,0.0
tfidf_and interoperability,0.0
tfidf_and its,0.0
tfidf_and jobs,0.0
tfidf_and joint,0.0
tfidf_and knowledge,0.0
tfidf_and local,0.0
tfidf_and long,0.0
tfidf_and low,0.0
tfidf_and maintenance,0.0
tfidf_and management,0.0
tfidf_and market,0.0
tfidf_and materials,0.0
tfidf_and medium,0.0
tfidf_and methods,0.0
tfidf_and million,0.0
tfidf_and monitoring,0.0
tfidf_and more,0.0
tfidf_and national,0.0
tfidf_and new,0.0
tfidf_and non,0.0
tfidf_and of,0.0
tfidf_and on,0.0
tfidf_and open,0.0
tfidf_and operational,0.0
tfidf_and or,0.0
tfidf_and other,0.0
tfidf_and performance,0.0
tfidf_and policy,0.0
tfidf_and potential,0.0
tfidf_and practices,0.0
tfidf_and private,0.0
tfidf_and processes,0.0
tfidf_and processing,0.0
tfidf_and products,0.0
tfidf_and promote,0.0
tfidf_and promotion,0.0
tfidf_and provide,0.0
tfidf_and public,0.0
tfidf_and quality,0.0
tfidf_and re,0.0
tfidf_and reduce,0.0
tfidf_and regional,0.0
tfidf_and regulatory,0.0
tfidf_and related,0.0
tfidf_and relevant,0.0
tfidf_and research,0.0
tfidf_and resilience,0.0
tfidf_and resilient,0.0
tfidf_and resource,0.0
tfidf_and resources,0.0
tfidf_and rural,0.0
tfidf_and safety,0.0
tfidf_and security,0.0
tfidf_and selection,0.0
tfidf_and services,0.0
tfidf_and sharing,0.0
tfidf_and should,0.0
tfidf_and skills,0.0
tfidf_and smes,0.0
tfidf_and social,0.0
tfidf_and societal,0.0
tfidf_and society,0.0
tfidf_and socio,0.0
tfidf_and solutions,0.0
tfidf_and stakeholders,0.0
tfidf_and supply,0.0
tfidf_and support,0.0
tfidf_and supporting,0.0
tfidf_and sustainability,0.0
tfidf_and sustainable,0.0
tfidf_and systems,0.0
tfidf_and technical,0.0
tfidf_and technological,0.0
tfidf_and technologies,0.0
tfidf_and technology,0.0
tfidf_and test,0.0
tfidf_and testing,0.0
tfidf_and that,0.0
tfidf_and the,0.0
tfidf_and their,0.0
tfidf_and thus,0.0
tfidf_and to,0.0
tfidf_and tools,0.0
tfidf_and training,0.0
tfidf_and use,0.0
tfidf_and validation,0.0
tfidf_and waste,0.0
tfidf_and water,0.0
tfidf_and well,0.0
tfidf_and where,0.0
tfidf_and will,0.0
tfidf_and with,0.0
tfidf_animal,0.0
tfidf_animal welfare,0.0
tfidf_annex,0.0
tfidf_annex of,0.0
tfidf_annexes,0.0
tfidf_annual,0.0
tfidf_annual work,0.0
tfidf_another,0.0
tfidf_anti,0.0
tfidf_any,0.0
tfidf_any other,0.0
tfidf_applicable,0.0
tfidf_applicant,0.0
tfidf_applicants,0.0
tfidf_applicants are,0.0
tfidf_applicants should,0.0
tfidf_application,0.0
tfidf_application of,0.0
tfidf_applications,0.0
tfidf_applications and,0.0
tfidf_applications for,0.0
tfidf_applications in,0.0
tfidf_applied,0.0
tfidf_apply,0.0
tfidf_applying,0.0
tfidf_approach,0.0
tfidf_approach and,0.0
tfidf_approach in,0.0
tfidf_approach to,0.0
tfidf_approaches,0.0
tfidf_approaches and,0.0
tfidf_approaches for,0.0
tfidf_approaches to,0.0
tfidf_appropriate,0.0
tfidf_appropriate resources,0.0
tfidf_appropriately,0.0
tfidf_appropriately nonetheless,0.0
tfidf_aquaculture,0.0
tfidf_architecture,0.0
tfidf_architectures,0.0
tfidf_are,0.0
tfidf_are also,0.0
tfidf_are encouraged,0.0
tfidf_are expected,0.0
tfidf_are in,0.0
tfidf_are needed,0.0
tfidf_are not,0.0
tfidf_are required,0.0
tfidf_are the,0.0
tfidf_are to,0.0
tfidf_area,0.0
tfidf_area of,0.0
tfidf_areas and,0.0
tfidf_areas of,0.0
tfidf_around,0.0
tfidf_arrangements,0.0
tfidf_art,0.0
tfidf_article,0.0
tfidf_artificial,0.0
tfidf_artificial intelligence,0.0
tfidf_as,0.0
tfidf_as an,0.0
tfidf_as appropriate,0.0
tfidf_as defined,0.0
tfidf_as for,0.0
tfidf_as part,0.0
tfidf_as possible,0.0
tfidf_as regards,0.0
tfidf_as the,0.0
tfidf_as to,0.0
tfidf_as well,0.0
tfidf_aspects,0.0
tfidf_aspects of,0.0
tfidf_assembly,0.0
tfidf_assess,0.0
tfidf_assess the,0.0
tfidf_assessed,0.0
tfidf_assessing,0.0
tfidf_assessment,0.0
tfidf_assessment and,0.0
tfidf_assessment of,0.0
tfidf_assessments,0.0
tfidf_assets,0.0
tfidf_assistance,0.0
tfidf_associated,0.0
tfidf_associated countries,0.0
tfidf_associated to,0.0
tfidf_associated with,0.0
tfidf_associations,0.0
tfidf_assurance,0.0
tfidf_at all,0.0
tfidf_at different,0.0
tfidf_at eu,0.0
tfidf_at european,0.0
tfidf_at large,0.0
tfidf_at least,0.0
tfidf_at local,0.0
tfidf_at national,0.0
tfidf_at regional,0.0
tfidf_at supporting,0.0
tfidf_at the,0.0
tfidf_at trl,0.0
tfidf_atc,0.0
tfidf_atm,0.0
tfidf_attention,0.0
tfidf_attention should,0.0
tfidf_attention to,0.0
tfidf_attractiveness,0.0
tfidf_audiovisual,0.0
tfidf_authorities,0.0
tfidf_authorities and,0.0
tfidf_automated,0.0
tfidf_automation,0.0
tfidf_autonomous,0.0
tfidf_autonomy,0.0
tfidf_availability,0.0
tfidf_availability of,0.0
tfidf_available,0.0
tfidf_available to,0.0
tfidf_aviation,0.0
tfidf_avoid,0.0
tfidf_award,0.0
tfidf_awarded,0.0
tfidf_awareness,0.0
tfidf_awareness and,0.0
tfidf_awareness of,0.0
tfidf_awareness raising,0.0
tfidf_background,0.0
tfidf_balance,0.0
tfidf_balanced,0.0
tfidf_barriers,0.0
tfidf_based,0.0
tfidf_based on,0.0
tfidf_based products,0.0
tfidf_based solutions,0.0
tfidf_basic,0.0
tfidf_basin,0.0
tfidf_basis,0.0
tfidf_basis for,0.0
tfidf_basis of,0.0
tfidf_batteries,0.0
tfidf_battery,0.0
tfidf_bbi,0.0
tfidf_be able,0.0
tfidf_be achieved,0.0
tfidf_be addressed,0.0
tfidf_be assessed,0.0
tfidf_be based,0.0
tfidf_be clearly,0.0
tfidf_be considered,0.0
tfidf_be demonstrated,0.0
tfidf_be developed,0.0
tfidf_be done,0.0
tfidf_be established,0.0
tfidf_be funded,0.0
tfidf_be given,0.0
tfidf_be implemented,0.0
tfidf_be in,0.0
tfidf_be included,0.0
tfidf_be integrated,0.0
tfidf_be made,0.0
tfidf_be on,0.0
tfidf_be paid,0.0
tfidf_be provided,0.0
tfidf_be supported,0.0
tfidf_be taken,0.0
tfidf_be the,0.0
tfidf_be used,0.0
tfidf_because,0.0
tfidf_become,0.0
tfidf_been,0.0
tfidf_before,0.0
tfidf_behaviour,0.0
tfidf_behavioural,0.0
tfidf_being,0.0
tfidf_below,0.0
tfidf_beneficial,0.0
tfidf_beneficiaries,0.0
tfidf_benefit,0.0
tfidf_benefit from,0.0
tfidf_benefits,0.0
tfidf_benefits and,0.0
tfidf_benefits of,0.0
tfidf_best,0.0
tfidf_best practice,0.0
tfidf_best practices,0.0
tfidf_better,0.0
tfidf_better understanding,0.0
tfidf_between,0.0
tfidf_between eur,0.0
tfidf_between the,0.0
tfidf_beyond,0.0
tfidf_beyond the,0.0
tfidf_big,0.0
tfidf_big data,0.0
tfidf_bio,0.0
tfidf_bio based,0.0
tfidf_biodiversity,0.0
tfidf_biodiversity and,0.0
tfidf_bioeconomy,0.0
tfidf_biological,0.0
tfidf_biomass,0.0
tfidf_blocks,0.0
tfidf_blue economy,0.0
tfidf_board,0.0
tfidf_bodies,0.0
tfidf_boost,0.0
tfidf_boosting,0.0
tfidf_border,0.0
tfidf_borders,0.0
tfidf_both,0.0
tfidf_both in,0.0
tfidf_both the,0.0
tfidf_brain,0.0
tfidf_breakthrough,0.0
tfidf_breeding,0.0
tfidf_bring,0.0
tfidf_bring together,0.0
tfidf_bringing,0.0
tfidf_broad,0.0
tfidf_broader,0.0
tfidf_budget,0.0
tfidf_build,0.0
tfidf_build on,0.0
tfidf_building,0.0
tfidf_building and,0.0
tfidf_building blocks,0.0
tfidf_building on,0.0
tfidf_buildings,0.0
tfidf_built,0.0
tfidf_burden,0.0
tfidf_business,0.0
tfidf_business and,0.0
tfidf_business case,0.0
tfidf_business models,0.0
tfidf_business opportunities,0.0
tfidf_business plan,0.0
tfidf_businesses,0.0
tfidf_but,0.0
tfidf_but also,0.0
tfidf_but not,0.0
tfidf_by,0.0
tfidf_by 2030,0.0
tfidf_by design,0.0
tfidf_by providing,0.0
tfidf_by the,0.0
tfidf_call,0.0
tfidf_call for,0.0
tfidf_call h2020,0.0
tfidf_calls,0.0
tfidf_calls for,0.0
tfidf_campaigns,0.0
tfidf_can,0.0
tfidf_can also,0.0
tfidf_can be,0.0
tfidf_cancer,0.0
tfidf_cannot,0.0
tfidf_cap,0.0
tfidf_capabilities,0.0
tfidf_capability,0.0
tfidf_capable,0.0
tfidf_capable of,0.0
tfidf_capacities,0.0
tfidf_capacity,0.0
tfidf_capacity and,0.0
tfidf_capacity building,0.0
tfidf_capacity of,0.0
tfidf_capacity to,0.0
tfidf_capital,0.0
tfidf_capture,0.0
tfidf_carbon,0.0
tfidf_care,0.0
tfidf_career,0.0
tfidf_carried,0.0
tfidf_carried out,0.0
tfidf_carry,0.0
tfidf_carry out,0.0
tfidf_case,0.0
tfidf_case of,0.0
tfidf_cases,0.0
tfidf_categories,0.0
tfidf_cbe,0.0
tfidf_cef,0.0
tfidf_cell,0.0
tfidf_cells,0.0
tfidf_central,0.0
tfidf_centre,0.0
tfidf_centred,0.0
tfidf_centres,0.0
tfidf_certain,0.0
tfidf_certification,0.0
tfidf_chain,0.0
tfidf_chain and,0.0
tfidf_chains,0.0
tfidf_chains and,0.0
tfidf_challenge,0.0
tfidf_challenge in,0.0
tfidf_challenge is,0.0
tfidf_challenge of,0.0
tfidf_challenge the,0.0
tfidf_challenge to,0.0
tfidf_challenges,0.0
tfidf_challenges and,0.0
tfidf_challenges in,0.0
tfidf_challenging,0.0
tfidf_change,0.0
tfidf_change and,0.0
tfidf_changes,0.0
tfidf_changes in,0.0
tfidf_changing,0.0
tfidf_channels,0.0
tfidf_characterisation,0.0
tfidf_characteristics,0.0
tfidf_characteristics of,0.0
tfidf_chemical,0.0
tfidf_chemicals,0.0
tfidf_chemicals and,0.0
tfidf_child,0.0
tfidf_children,0.0
tfidf_china,0.0
tfidf_choices,0.0
tfidf_chosen,0.0
tfidf_chronic,0.0
tfidf_circular,0.0
tfidf_circular economy,0.0
tfidf_circularity,0.0
tfidf_cities,0.0
tfidf_cities and,0.0
tfidf_citizen,0.0
tfidf_citizens,0.0
tfidf_citizens and,0.0
tfidf_city,0.0
tfidf_civil,0.0
tfidf_civil protection,0.0
tfidf_civil society,0.0
tfidf_cl4,0.0
tfidf_cl6,0.0
tfidf_cl6 2021,0.0
tfidf_class,0.0
tfidf_clean,0.0
tfidf_clean energy,0.0
tfidf_clean hydrogen,0.0
tfidf_clear,0.0
tfidf_clearly,0.0
tfidf_climate,0.0
tfidf_climate action,0.0
tfidf_climate and,0.0
tfidf_climate change,0.0
tfidf_climate neutral,0.0
tfidf_climate neutrality,0.0
tfidf_clinical,0.0
tfidf_clinical trial,0.0
tfidf_clinical trials,0.0
tfidf_close,0.0
tfidf_closely,0.0
tfidf_cloud,0.0
tfidf_cluster,0.0
tfidf_clusters,0.0
tfidf_co,0.0
tfidf_co creation,0.0
tfidf_co2,0.0
tfidf_coaching,0.0
tfidf_coal,0.0
tfidf_coastal,0.0
tfidf_code,0.0
tfidf_coherent,0.0
tfidf_cohesion,0.0
tfidf_collaborate,0.0
tfidf_collaborate with,0.0
tfidf_collaboration,0.0
tfidf_collaboration between,0.0
tfidf_collaboration with,0.0
tfidf_collaborative,0.0
tfidf_collected,0.0
tfidf_collection,0.0
tfidf_collection and,0.0
tfidf_collective,0.0
tfidf_com,0.0
tfidf_com 2012,0.0
tfidf_combat,0.0
tfidf_combination,0.0
tfidf_combination of,0.0
tfidf_combine,0.0
tfidf_combined,0.0
tfidf_combining,0.0
tfidf_coming,0.0
tfidf_commercial,0.0
tfidf_commercialisation,0.0
tfidf_commission,0.0
tfidf_commission considers,0.0
tfidf_commitment,0.0
tfidf_common,0.0
tfidf_communication,0.0
tfidf_communication and,0.0
tfidf_communications,0.0
tfidf_communities and,0.0
tfidf_community,0.0
tfidf_companies,0.0
tfidf_compared,0.0
tfidf_compared to,0.0
tfidf_comparison,0.0
tfidf_compatible,0.0
tfidf_compatible with,0.0
tfidf_competence,0.0
tfidf_competences,0.0
tfidf_competent,0.0
tfidf_competition,0.0
tfidf_competitive,0.0
tfidf_competitiveness,0.0
tfidf_competitiveness and,0.0
tfidf_competitiveness of,0.0
tfidf_complement,0.0
tfidf_complementarity,0.0
tfidf_complementary,0.0
tfidf_complete,0.0
tfidf_complex,0.0
tfidf_complexity,0.0
tfidf_compliance,0.0
tfidf_compliance with,0.0
tfidf_comply,0.0
tfidf_comply with,0.0
tfidf_component,0.0
tfidf_component or,0.0
tfidf_components,0.0
tfidf_components and,0.0
tfidf_composition,0.0
tfidf_compounds,0.0
tfidf_comprehensive,0.0
tfidf_computing,0.0
tfidf_concept,0.0
tfidf_concept of,0.0
tfidf_concepts,0.0
tfidf_concepts and,0.0
tfidf_concerned,0.0
tfidf_concerning,0.0
tfidf_concerns,0.0
tfidf_concrete,0.0
tfidf_conditions,0.0
tfidf_conditions and,0.0
tfidf_conditions for,0.0
tfidf_conduct,0.0
tfidf_conferences,0.0
tfidf_connect,0.0
tfidf_connected,0.0
tfidf_connecting,0.0
tfidf_connection,0.0
tfidf_connections,0.0
tfidf_connectivity,0.0
tfidf_consequences,0.0
tfidf_conservation,0.0
tfidf_consider,0.0
tfidf_consider the,0.0
tfidf_consideration,0.0
tfidf_considerations,0.0
tfidf_considered,0.0
tfidf_considered as,0.0
tfidf_considering,0.0
tfidf_considering the,0.0
tfidf_considers,0.0
tfidf_considers that,0.0
tfidf_consistent,0.0
tfidf_consortia,0.0
tfidf_consortium,0.0
tfidf_constraints,0.0
tfidf_construction,0.0
tfidf_consumer,0.0
tfidf_consumers,0.0
tfidf_consumers and,0.0
tfidf_consumption,0.0
tfidf_consumption of,0.0
tfidf_contact,0.0
tfidf_contain,0.0
tfidf_content,0.0
tfidf_context,0.0
tfidf_context of,0.0
tfidf_contexts,0.0
tfidf_continue,0.0
tfidf_continuous,0.0
tfidf_contractual,0.0
tfidf_contribute,0.0
tfidf_contribute to,0.0
tfidf_contributes,0.0
tfidf_contributes to,0.0
tfidf_contributing,0.0
tfidf_contributing to,0.0
tfidf_contribution,0.0
tfidf_contribution from,0.0
tfidf_contribution of,0.0
tfidf_contribution to,0.0
tfidf_contributions,0.0
tfidf_control,0.0
tfidf_control and,0.0
tfidf_controlled,0.0
tfidf_conventional,0.0
tfidf_conversion,0.0
tfidf_cooling,0.0
tfidf_cooperate,0.0
tfidf_cooperation,0.0
tfidf_cooperation and,0.0
tfidf_cooperation between,0.0
tfidf_cooperation in,0.0
tfidf_cooperation is,0.0
tfidf_cooperation with,0.0
tfidf_cooperative,0.0
tfidf_coordinate,0.0
tfidf_coordinated,0.0
tfidf_coordination,0.0
tfidf_coordination and,0.0
tfidf_coordination of,0.0
tfidf_copernicus,0.0
tfidf_core,0.0
tfidf_corresponding,0.0
tfidf_cost,0.0
tfidf_cost and,0.0
tfidf_cost effective,0.0
tfidf_cost effectiveness,0.0
tfidf_cost of,0.0
tfidf_costs,0.0
tfidf_costs and,0.0
tfidf_costs of,0.0
tfidf_could,0.0
tfidf_could also,0.0
tfidf_could be,0.0
tfidf_could include,0.0
tfidf_council,0.0
tfidf_council of,0.0
tfidf_countries,0.0
tfidf_countries and,0.0
tfidf_countries in,0.0
tfidf_countries not,0.0
tfidf_country,0.0
tfidf_cover,0.0
tfidf_cover the,0.0
tfidf_coverage,0.0
tfidf_covered,0.0
tfidf_covered by,0.0
tfidf_covering,0.0
tfidf_covers,0.0
tfidf_covid,0.0
tfidf_covid 19,0.0
tfidf_create,0.0
tfidf_created,0.0
tfidf_creating,0.0
tfidf_creation,0.0
tfidf_creation and,0.0
tfidf_creation of,0.0
tfidf_creative,0.0
tfidf_crime,0.0
tfidf_criminal,0.0
tfidf_crisis,0.0
tfidf_criteria,0.0
tfidf_critical,0.0
tfidf_critical raw,0.0
tfidf_crop,0.0
tfidf_crops,0.0
tfidf_cross,0.0
tfidf_cross border,0.0
tfidf_cross cutting,0.0
tfidf_crucial,0.0
tfidf_cs2,0.0
tfidf_csa,0.0
tfidf_cultural,0.0
tfidf_cultural and,0.0
tfidf_cultural heritage,0.0
tfidf_culture,0.0
tfidf_current,0.0
tfidf_current and,0.0
tfidf_currently,0.0
tfidf_curricula,0.0
tfidf_cutting,0.0
tfidf_cutting priorities,0.0
tfidf_cyber,0.0
tfidf_cybersecurity,0.0
tfidf_cycle,0.0
tfidf_cycles,0.0
tfidf_data,0.0
tfidf_data and,0.0
tfidf_data collection,0.0
tfidf_data for,0.0
tfidf_data from,0.0
tfidf_data in,0.0
tfidf_data management,0.0
tfidf_data on,0.0
tfidf_data protection,0.0
tfidf_data sharing,0.0
tfidf_data space,0.0
tfidf_data spaces,0.0
tfidf_data to,0.0
tfidf_database,0.0
tfidf_databases,0.0
tfidf_datasets,0.0
tfidf_date,0.0
tfidf_day,0.0
tfidf_de,0.0
tfidf_deal,0.0
tfidf_decarbonisation,0.0
tfidf_decision,0.0
tfidf_decision makers,0.0
tfidf_decision making,0.0
tfidf_decisions,0.0
tfidf_decrease,0.0
tfidf_dedicated,0.0
tfidf_deep,0.0
tfidf_defence,0.0
tfidf_defence product,0.0
tfidf_define,0.0
tfidf_define the,0.0
tfidf_defined,0.0
tfidf_defined in,0.0
tfidf_defining,0.0
tfidf_definition,0.0
tfidf_definition of,0.0
tfidf_degradation,0.0
tfidf_degree,0.0
tfidf_delegation,0.0
tfidf_deliver,0.0
tfidf_deliverables,0.0
tfidf_delivered,0.0
tfidf_delivering,0.0
tfidf_delivery,0.0
tfidf_delivery of,0.0
tfidf_demand,0.0
tfidf_demand for,0.0
tfidf_demands,0.0
tfidf_democratic,0.0
tfidf_demonstrate,0.0
tfidf_demonstrate how,0.0
tfidf_demonstrate the,0.0
tfidf_demonstrated,0.0
tfidf_demonstrating,0.0
tfidf_demonstration,0.0
tfidf_demonstration of,0.0
tfidf_demonstrations,0.0
tfidf_demonstrator,0.0
tfidf_demonstrators,0.0
tfidf_density,0.0
tfidf_depending,0.0
tfidf_depending on,0.0
tfidf_deploy,0.0
tfidf_deployed,0.0
tfidf_deployment,0.0
tfidf_deployment of,0.0
tfidf_der,0.0
tfidf_derived,0.0
tfidf_des,0.0
tfidf_describe,0.0
tfidf_described,0.0
tfidf_described in,0.0
tfidf_description,0.0
tfidf_description of,0.0
tfidf_descriptions,0.0
tfidf_design and,0.0
tfidf_design of,0.0
tfidf_designed,0.0
tfidf_designed to,0.0
tfidf_designing,0.0
tfidf_designs,0.0
tfidf_destination,0.0
tfidf_detailed,0.0
tfidf_details,0.0
tfidf_detect,0.0
tfidf_detection,0.0
tfidf_detection and,0.0
tfidf_develop,0.0
tfidf_develop and,0.0
tfidf_develop new,0.0
tfidf_developed,0.0
tfidf_developed and,0.0
tfidf_developed by,0.0
tfidf_developed in,0.0
tfidf_developers,0.0
tfidf_developing,0.0
tfidf_developing and,0.0
tfidf_development,0.0
tfidf_development and,0.0
tfidf_development goals,0.0
tfidf_development in,0.0
tfidf_development of,0.0
tfidf_developments,0.0
tfidf_device,0.0
tfidf_devices,0.0
tfidf_diagnosis,0.0
tfidf_dialogue,0.0
tfidf_die,0.0
tfidf_dietary,0.0
tfidf_differences,0.0
tfidf_different,0.0
tfidf_digital,0.0
tfidf_digital and,0.0
tfidf_digital technologies,0.0
tfidf_digital transformation,0.0
tfidf_digitalisation,0.0
tfidf_dimension,0.0
tfidf_dimensions,0.0
tfidf_direct,0.0
tfidf_directive,0.0
tfidf_directly,0.0
tfidf_disaster,0.0
tfidf_disciplinary,0.0
tfidf_disciplines,0.0
tfidf_discrimination,0.0
tfidf_disease,0.0
tfidf_diseases,0.0
tfidf_disorders,0.0
tfidf_disruptive,0.0
tfidf_dissemination,0.0
tfidf_dissemination and,0.0
tfidf_dissemination of,0.0
tfidf_distributed,0.0
tfidf_distribution,0.0
tfidf_distribution of,0.0
tfidf_district,0.0
tfidf_diverse,0.0
tfidf_diversity,0.0
tfidf_diversity of,0.0
tfidf_do,0.0
tfidf_do not,0.0
tfidf_document,0.0
tfidf_documents,0.0
tfidf_does,0.0
tfidf_does not,0.0
tfidf_domain,0.0
tfidf_domains,0.0
tfidf_done,0.0
tfidf_down,0.0
tfidf_downstream,0.0
tfidf_drive,0.0
tfidf_driven,0.0
tfidf_drivers,0.0
tfidf_driving,0.0
tfidf_drug,0.0
tfidf_due,0.0
tfidf_due to,0.0
tfidf_durability,0.0
tfidf_duration,0.0
tfidf_duration of,0.0
tfidf_during,0.0
tfidf_during the,0.0
tfidf_duty,0.0
tfidf_dynamic,0.0
tfidf_dynamics,0.0
tfidf_each,0.0
tfidf_each of,0.0
tfidf_early,0.0
tfidf_earth,0.0
tfidf_earth observation,0.0
tfidf_easily,0.0
tfidf_easy,0.0
tfidf_ec,0.0
tfidf_ec europa,0.0
tfidf_eco,0.0
tfidf_ecological,0.0
tfidf_economic and,0.0
tfidf_economic science,0.0
tfidf_economic viability,0.0
tfidf_economically,0.0
tfidf_economies,0.0
tfidf_economy,0.0
tfidf_economy and,0.0
tfidf_ecosystem,0.0
tfidf_ecosystem services,0.0
tfidf_ecosystems,0.0
tfidf_ecosystems and,0.0
tfidf_edf,0.0
tfidf_edge,0.0
tfidf_education,0.0
tfidf_education and,0.0
tfidf_education institutions,0.0
tfidf_educational,0.0
tfidf_effect,0.0
tfidf_effective,0.0
tfidf_effective and,0.0
tfidf_effective contribution,0.0
tfidf_effectively,0.0
tfidf_effectiveness,0.0
tfidf_effectiveness of,0.0
tfidf_effects,0.0
tfidf_effects of,0.0
tfidf_efficiency,0.0
tfidf_efficiency and,0.0
tfidf_efficiency of,0.0
tfidf_efficient,0.0
tfidf_efficient and,0.0
tfidf_effort,0.0
tfidf_efforts,0.0
tfidf_eic,0.0
tfidf_eip,0.0
tfidf_eit,0.0
tfidf_either,0.0
tfidf_electric,0.0
tfidf_electrical,0.0
tfidf_electricity,0.0
tfidf_electrolyser,0.0
tfidf_electrolysers,0.0
tfidf_electrolysis,0.0
tfidf_electronic,0.0
tfidf_element,0.0
tfidf_elements,0.0
tfidf_eligibility,0.0
tfidf_eligible,0.0
tfidf_eligible for,0.0
tfidf_embedded,0.0
tfidf_emergency,0.0
tfidf_emerging,0.0
tfidf_emission,0.0
tfidf_emissions,0.0
tfidf_emissions and,0.0
tfidf_emphasis,0.0
tfidf_employment,0.0
tfidf_en,0.0
tfidf_enable,0.0
tfidf_enable the,0.0
tfidf_enabled,0.0
tfidf_enabling,0.0
tfidf_enabling technologies,0.0
tfidf_enabling the,0.0
tfidf_encourage,0.0
tfidf_encouraged,0.0
tfidf_encouraged in,0.0
tfidf_encouraged to,0.0
tfidf_encouraging,0.0
tfidf_end,0.0
tfidf_end of,0.0
tfidf_end users,0.0
tfidf_energy and,0.0
tfidf_energy consumption,0.0
tfidf_energy efficiency,0.0
tfidf_energy performance,0.0
tfidf_energy storage,0.0
tfidf_energy system,0.0
tfidf_enforcement,0.0
tfidf_engage,0.0
tfidf_engagement,0.0
tfidf_engaging,0.0
tfidf_engine,0.0
tfidf_engineering,0.0
tfidf_enhance,0.0
tfidf_enhance the,0.0
tfidf_enhanced,0.0
tfidf_enhancement,0.0
tfidf_enhancing,0.0
tfidf_enhancing the,0.0
tfidf_ensure,0.0
tfidf_ensure that,0.0
tfidf_ensure the,0.0
tfidf_ensuring,0.0
tfidf_enterprise,0.0
tfidf_enterprises,0.0
tfidf_entire,0.0
tfidf_entities,0.0
tfidf_entrepreneurs,0.0
tfidf_entrepreneurship,0.0
tfidf_env,0.0
tfidf_environment,0.0
tfidf_environment and,0.0
tfidf_environmental and,0.0
tfidf_environmental impact,0.0
tfidf_environmental impacts,0.0
tfidf_environmental sustainability,0.0
tfidf_environmentally,0.0
tfidf_environments,0.0
tfidf_envisaged,0.0
tfidf_eosc,0.0
tfidf_equality,0.0
tfidf_equipment,0.0
tfidf_equipment and,0.0
tfidf_era,0.0
tfidf_era net,0.0
tfidf_erasmus,0.0
tfidf_erc,0.0
tfidf_esfri,0.0
tfidf_especially,0.0
tfidf_essential,0.0
tfidf_establish,0.0
tfidf_established,0.0
tfidf_established in,0.0
tfidf_establishing,0.0
tfidf_establishment,0.0
tfidf_establishment of,0.0
tfidf_estimated,0.0
tfidf_et,0.0
tfidf_etc,0.0
tfidf_etc and,0.0
tfidf_etc the,0.0
tfidf_ethical,0.0
tfidf_ethics,0.0
tfidf_eu and,0.0
tfidf_eu between,0.0
tfidf_eu funded,0.0
tfidf_eu funding,0.0
tfidf_eu in,0.0
tfidf_eu info,0.0
tfidf_eu legal,0.0
tfidf_eu level,0.0
tfidf_eu member,0.0
tfidf_eu no,0.0
tfidf_eu of,0.0
tfidf_eu research,0.0
tfidf_eu wide,0.0
tfidf_eur,0.0
tfidf_eur and,0.0
tfidf_eur lex,0.0
tfidf_eur million,0.0
tfidf_euratom,0.0
tfidf_euro,0.0
tfidf_europa,0.0
tfidf_europa eu,0.0
tfidf_europe,0.0
tfidf_europe and,0.0
tfidf_europe direct,0.0
tfidf_europe in,0.0
tfidf_europe the,0.0
tfidf_european,0.0
tfidf_european and,0.0
tfidf_european commission,0.0
tfidf_european green,0.0
tfidf_european innovation,0.0
tfidf_european level,0.0
tfidf_european parliament,0.0
tfidf_european partnership,0.0
tfidf_european research,0.0
tfidf_european union,0.0
tfidf_evaluate,0.0
tfidf_evaluate the,0.0
tfidf_evaluated,0.0
tfidf_evaluation,0.0
tfidf_evaluation of,0.0
tfidf_even,0.0
tfidf_event,0.0
tfidf_events,0.0
tfidf_evidence,0.0
tfidf_evidence based,0.0
tfidf_evolution,0.0
tfidf_evolution of,0.0
tfidf_evolving,0.0
tfidf_example,0.0
tfidf_examples,0.0
tfidf_excellence,0.0
tfidf_exchange,0.0
tfidf_exchange of,0.0
tfidf_exchanges,0.0
tfidf_excluded,0.0
tfidf_execution,0.0
tfidf_exercise,0.0
tfidf_exist,0.0
tfidf_existing,0.0
tfidf_existing and,0.0
tfidf_expand,0.0
tfidf_expectations,0.0
tfidf_expected impacts,0.0
tfidf_expected outcome,0.0
tfidf_expected outcomes,0.0
tfidf_expected results,0.0
tfidf_expected that,0.0
tfidf_expected to,0.0
tfidf_experience,0.0
tfidf_experience and,0.0
tfidf_experiences,0.0
tfidf_experimental,0.0
tfidf_experimentation,0.0
tfidf_experiments,0.0
tfidf_expert,0.0
tfidf_expertise,0.0
tfidf_expertise and,0.0
tfidf_expertise in,0.0
tfidf_experts,0.0
tfidf_explain,0.0
tfidf_exploit,0.0
tfidf_exploitation,0.0
tfidf_exploitation of,0.0
tfidf_exploiting,0.0
tfidf_exploration,0.0
tfidf_explore,0.0
tfidf_explore the,0.0
tfidf_explored,0.0
tfidf_exposure,0.0
tfidf_extended,0.0
tfidf_extent,0.0
tfidf_external,0.0
tfidf_extreme,0.0
tfidf_face,0.0
tfidf_facilitate,0.0
tfidf_facilitate the,0.0
tfidf_facilitating,0.0
tfidf_facilities,0.0
tfidf_facilities and,0.0
tfidf_facing,0.0
tfidf_factors,0.0
tfidf_fair,0.0
tfidf_far,0.0
tfidf_farm,0.0
tfidf_farm to,0.0
tfidf_farmers,0.0
tfidf_farmers and,0.0
tfidf_farming,0.0
tfidf_farming systems,0.0
tfidf_farms,0.0
tfidf_fast,0.0
tfidf_faster,0.0
tfidf_fc,0.0
tfidf_fch,0.0
tfidf_fch ju,0.0
tfidf_feasibility,0.0
tfidf_feasibility of,0.0
tfidf_features,0.0
tfidf_feed,0.0
tfidf_feedback,0.0
tfidf_feedstock,0.0
tfidf_fellowships,0.0
tfidf_field,0.0
tfidf_field of,0.0
tfidf_fields,0.0
tfidf_fields of,0.0
tfidf_files,0.0
tfidf_final,0.0
tfidf_finance,0.0
tfidf_financed,0.0
tfidf_financial,0.0
tfidf_financial support,0.0
tfidf_find,0.0
tfidf_findings,0.0
tfidf_fire,0.0
tfidf_first,0.0
tfidf_fisheries,0.0
tfidf_fit,0.0
tfidf_flagship,0.0
tfidf_flexibility,0.0
tfidf_flexible,0.0
tfidf_flight,0.0
tfidf_flow,0.0
tfidf_flows,0.0
tfidf_focus,0.0
tfidf_focus on,0.0
tfidf_focused,0.0
tfidf_focusing,0.0
tfidf_focusing on,0.0
tfidf_follow,0.0
tfidf_follow up,0.0
tfidf_following,0.0
tfidf_following activities,0.0
tfidf_following expected,0.0
tfidf_following outcomes,0.0
tfidf_following the,0.0
tfidf_food and,0.0
tfidf_food products,0.0
tfidf_food safety,0.0
tfidf_food security,0.0
tfidf_food system,0.0
tfidf_food systems,0.0
tfidf_food waste,0.0
tfidf_footprint,0.0
tfidf_for,0.0
tfidf_for 2030,0.0
tfidf_for all,0.0
tfidf_for an,0.0
tfidf_for both,0.0
tfidf_for climate,0.0
tfidf_for data,0.0
tfidf_for different,0.0
tfidf_for each,0.0
tfidf_for energy,0.0
tfidf_for eu,0.0
tfidf_for europe,0.0
tfidf_for european,0.0
tfidf_for example,0.0
tfidf_for food,0.0
tfidf_for funding,0.0
tfidf_for further,0.0
tfidf_for future,0.0
tfidf_for high,0.0
tfidf_for innovation,0.0
tfidf_for instance,0.0
tfidf_for international,0.0
tfidf_for more,0.0
tfidf_for new,0.0
tfidf_for proposals,0.0
tfidf_for research,0.0
tfidf_for sustainable,0.0
tfidf_for the,0.0
tfidf_for their,0.0
tfidf_for this,0.0
tfidf_for use,0.0
tfidf_force,0.0
tfidf_forces,0.0
tfidf_foresee,0.0
tfidf_foreseen,0.0
tfidf_forest,0.0
tfidf_foresters,0.0
tfidf_forestry,0.0
tfidf_fork,0.0
tfidf_fork strategy,0.0
tfidf_form,0.0
tfidf_form of,0.0
tfidf_formal,0.0
tfidf_forms,0.0
tfidf_forms of,0.0
tfidf_forum,0.0
tfidf_forward,0.0
tfidf_fossil,0.0
tfidf_foster,0.0
tfidf_foster the,0.0
tfidf_fostering,0.0
tfidf_found,0.0
tfidf_four,0.0
tfidf_framework,0.0
tfidf_framework for,0.0
tfidf_framework of,0.0
tfidf_frameworks,0.0
tfidf_free,0.0
tfidf_freight,0.0
tfidf_frequency,0.0
tfidf_friendly,0.0
tfidf_from,0.0
tfidf_from different,0.0
tfidf_from the,0.0
tfidf_from this,0.0
tfidf_fuel,0.0
tfidf_fuel cell,0.0
tfidf_fuels,0.0
tfidf_full,0.0
tfidf_full topic,0.0
tfidf_fully,0.0
tfidf_function,0.0
tfidf_functional,0.0
tfidf_functionalities,0.0
tfidf_functionality,0.0
tfidf_functioning,0.0
tfidf_functions,0.0
tfidf_fund,0.0
tfidf_fundamental,0.0
tfidf_fundamental rights,0.0
tfidf_funded,0.0
tfidf_funded by,0.0
tfidf_funded projects,0.0
tfidf_funded under,0.0
tfidf_funding,0.0
tfidf_funds,0.0
tfidf_further,0.0
tfidf_further development,0.0
tfidf_furthermore,0.0
tfidf_fusion,0.0
tfidf_future,0.0
tfidf_gap,0.0
tfidf_gaps,0.0
tfidf_gaps in,0.0
tfidf_gas,0.0
tfidf_gas emissions,0.0
tfidf_gases,0.0
tfidf_gender,0.0
tfidf_gender based,0.0
tfidf_gender dimension,0.0
tfidf_gender equality,0.0
tfidf_general,0.0
tfidf_general annex,0.0
tfidf_general annexes,0.0
tfidf_generate,0.0
tfidf_generated,0.0
tfidf_generating,0.0
tfidf_generation,0.0
tfidf_generation of,0.0
tfidf_genetic,0.0
tfidf_geographical,0.0
tfidf_ghg,0.0
tfidf_give,0.0
tfidf_given,0.0
tfidf_given to,0.0
tfidf_global,0.0
tfidf_globally,0.0
tfidf_go,0.0
tfidf_goal,0.0
tfidf_goals,0.0
tfidf_going,0.0
tfidf_good,0.0
tfidf_good practices,0.0
tfidf_goods,0.0
tfidf_governance,0.0
tfidf_governance and,0.0
tfidf_government,0.0
tfidf_grant,0.0
tfidf_grant agreement,0.0
tfidf_grants,0.0
tfidf_greater,0.0
tfidf_green,0.0
tfidf_green deal,0.0
tfidf_greenhouse,0.0
tfidf_greenhouse gas,0.0
tfidf_grid,0.0
tfidf_ground,0.0
tfidf_group,0.0
tfidf_groups,0.0
tfidf_groups and,0.0
tfidf_groups of,0.0
tfidf_growing,0.0
tfidf_growth,0.0
tfidf_growth and,0.0
tfidf_guidance,0.0
tfidf_guide,0.0
tfidf_guidelines,0.0
tfidf_h2,0.0
tfidf_h2020,0.0
tfidf_h2020 cs2,0.0
tfidf_hand,0.0
tfidf_handling,0.0
tfidf_hardware,0.0
tfidf_harmonisation,0.0
tfidf_harmonised,0.0
tfidf_has,0.0
tfidf_has been,0.0
tfidf_has to,0.0
tfidf_hate,0.0
tfidf_hate speech,0.0
tfidf_have,0.0
tfidf_have been,0.0
tfidf_have the,0.0
tfidf_have to,0.0
tfidf_having,0.0
tfidf_health,0.0
tfidf_health and,0.0
tfidf_health care,0.0
tfidf_healthcare,0.0
tfidf_healthy,0.0
tfidf_healthy and,0.0
tfidf_heat,0.0
tfidf_heating,0.0
tfidf_heavy,0.0
tfidf_help,0.0
tfidf_help to,0.0
tfidf_helping,0.0
tfidf_heritage,0.0
tfidf_heterogeneous,0.0
tfidf_high,0.0
tfidf_high level,0.0
tfidf_high performance,0.0
tfidf_high quality,0.0
tfidf_higher,0.0
tfidf_higher education,0.0
tfidf_highest,0.0
tfidf_highly,0.0
tfidf_holistic,0.0
tfidf_home,0.0
tfidf_horizon,0.0
tfidf_horizon 2020,0.0
tfidf_horizon cl4,0.0
tfidf_horizon cl6,0.0
tfidf_horizon europe,0.0
tfidf_horizon miss,0.0
tfidf_host,0.0
tfidf_housing,0.0
tfidf_how,0.0
tfidf_how the,0.0
tfidf_how they,0.0
tfidf_how to,0.0
tfidf_however,0.0
tfidf_however the,0.0
tfidf_hpc,0.0
tfidf_hrs,0.0
tfidf_http,0.0
tfidf_http ec,0.0
tfidf_http www,0.0
tfidf_https,0.0
tfidf_https ec,0.0
tfidf_https eur,0.0
tfidf_https www,0.0
tfidf_hubs,0.0
tfidf_human,0.0
tfidf_human health,0.0
tfidf_humanities,0.0
tfidf_humanities h2020,0.0
tfidf_humans,0.0
tfidf_hybrid,0.0
tfidf_hydrogen,0.0
tfidf_hydrogen ju,0.0
tfidf_ict,0.0
tfidf_id,0.0
tfidf_ideas,0.0
tfidf_identification,0.0
tfidf_identification and,0.0
tfidf_identification of,0.0
tfidf_identified,0.0
tfidf_identified in,0.0
tfidf_identify,0.0
tfidf_identify and,0.0
tfidf_identify the,0.0
tfidf_identifying,0.0
tfidf_identity,0.0
tfidf_if,0.0
tfidf_ii,0.0
tfidf_iii,0.0
tfidf_imaging,0.0
tfidf_impact and,0.0
tfidf_impact in,0.0
tfidf_impact is,0.0
tfidf_impact of,0.0
tfidf_impact on,0.0
tfidf_impact the,0.0
tfidf_impacts,0.0
tfidf_impacts and,0.0
tfidf_impacts of,0.0
tfidf_impacts on,0.0
tfidf_implement,0.0
tfidf_implement the,0.0
tfidf_implementation,0.0
tfidf_implementation and,0.0
tfidf_implementation of,0.0
tfidf_implemented,0.0
tfidf_implemented by,0.0
tfidf_implementing,0.0
tfidf_implications,0.0
tfidf_importance,0.0
tfidf_important,0.0
tfidf_improve,0.0
tfidf_improve the,0.0
tfidf_improved,0.0
tfidf_improvement,0.0
tfidf_improvement of,0.0
tfidf_improvements,0.0
tfidf_improving,0.0
tfidf_improving the,0.0
tfidf_in accordance,0.0
tfidf_in addition,0.0
tfidf_in africa,0.0
tfidf_in agriculture,0.0
tfidf_in all,0.0
tfidf_in an,0.0
tfidf_in and,0.0
tfidf_in areas,0.0
tfidf_in article,0.0
tfidf_in case,0.0
tfidf_in different,0.0
tfidf_in eu,0.0
tfidf_in europe,0.0
tfidf_in european,0.0
tfidf_in general,0.0
tfidf_in line,0.0
tfidf_in member,0.0
tfidf_in order,0.0
tfidf_in other,0.0
tfidf_in part,0.0
tfidf_in particular,0.0
tfidf_in place,0.0
tfidf_in real,0.0
tfidf_in relation,0.0
tfidf_in research,0.0
tfidf_in rural,0.0
tfidf_in situ,0.0
tfidf_in support,0.0
tfidf_in sustainable,0.0
tfidf_in terms,0.0
tfidf_in the,0.0
tfidf_in their,0.0
tfidf_in these,0.0
tfidf_in this,0.0
tfidf_in view,0.0
tfidf_in which,0.0
tfidf_incentives,0.0
tfidf_include,0.0
tfidf_include an,0.0
tfidf_include the,0.0
tfidf_included,0.0
tfidf_included in,0.0
tfidf_includes,0.0
tfidf_including,0.0
tfidf_including for,0.0
tfidf_including in,0.0
tfidf_including the,0.0
tfidf_including those,0.0
tfidf_including through,0.0
tfidf_inclusion,0.0
tfidf_inclusion of,0.0
tfidf_inclusive,0.0
tfidf_income,0.0
tfidf_increase,0.0
tfidf_increase in,0.0
tfidf_increase of,0.0
tfidf_increase the,0.0
tfidf_increase their,0.0
tfidf_increased,0.0
tfidf_increasing,0.0
tfidf_increasing the,0.0
tfidf_increasingly,0.0
tfidf_independent,0.0
tfidf_indicative,0.0
tfidf_indicators,0.0
tfidf_indicators and,0.0
tfidf_indirect,0.0
tfidf_individual,0.0
tfidf_individuals,0.0
tfidf_industrial,0.0
tfidf_industries,0.0
tfidf_industry,0.0
tfidf_industry and,0.0
tfidf_inequalities,0.0
tfidf_influence,0.0
tfidf_info,0.0
tfidf_inform,0.0
tfidf_information,0.0
tfidf_information and,0.0
tfidf_information on,0.0
tfidf_informed,0.0
tfidf_infrastructure,0.0
tfidf_infrastructure and,0.0
tfidf_infrastructures,0.0
tfidf_infrastructures and,0.0
tfidf_initial,0.0
tfidf_initiative,0.0
tfidf_initiatives,0.0
tfidf_initiatives and,0.0
tfidf_initiatives in,0.0
tfidf_innovation,0.0
tfidf_innovation action,0.0
tfidf_innovation actions,0.0
tfidf_innovation activities,0.0
tfidf_innovation and,0.0
tfidf_innovation in,0.0
tfidf_innovations,0.0
tfidf_innovative,0.0
tfidf_innovative and,0.0
tfidf_innovative approaches,0.0
tfidf_innovative solutions,0.0
tfidf_innovative technologies,0.0
tfidf_innovators,0.0
tfidf_input,0.0
tfidf_inputs,0.0
tfidf_insights,0.0
tfidf_installation,0.0
tfidf_installations,0.0
tfidf_instance,0.0
tfidf_institutional,0.0
tfidf_institutions,0.0
tfidf_institutions and,0.0
tfidf_instrument,0.0
tfidf_instruments,0.0
tfidf_intangible,0.0
tfidf_intangible component,0.0
tfidf_integral,0.0
tfidf_integrate,0.0
tfidf_integrated,0.0
tfidf_integrating,0.0
tfidf_integration,0.0
tfidf_integration and,0.0
tfidf_integration of,0.0
tfidf_integrity,0.0
tfidf_intelligence,0.0
tfidf_intelligent,0.0
tfidf_intended,0.0
tfidf_intensive,0.0
tfidf_inter,0.0
tfidf_interaction,0.0
tfidf_interactions,0.0
tfidf_interactive,0.0
tfidf_interconnection,0.0
tfidf_interdisciplinary,0.0
tfidf_interest,0.0
tfidf_interested,0.0
tfidf_interests,0.0
tfidf_interface,0.0
tfidf_interfaces,0.0
tfidf_internal,0.0
tfidf_international,0.0
tfidf_international cooperation,0.0
tfidf_internet,0.0
tfidf_interoperability,0.0
tfidf_interoperability and,0.0
tfidf_interoperability of,0.0
tfidf_interoperable,0.0
tfidf_intervention,0.0
tfidf_interventions,0.0
tfidf_into account,0.0
tfidf_into consideration,0.0
tfidf_into the,0.0
tfidf_introduction,0.0
tfidf_introduction of,0.0
tfidf_introduction to,0.0
tfidf_investigate,0.0
tfidf_investigation,0.0
tfidf_investigators,0.0
tfidf_investment,0.0
tfidf_investment in,0.0
tfidf_investments,0.0
tfidf_investments in,0.0
tfidf_investors,0.0
tfidf_invited,0.0
tfidf_involve,0.0
tfidf_involve the,0.0
tfidf_involved,0.0
tfidf_involved in,0.0
tfidf_involvement,0.0
tfidf_involvement of,0.0
tfidf_involving,0.0
tfidf_iot,0.0
tfidf_ip,0.0
tfidf_is,0.0
tfidf_is also,0.0
tfidf_is an,0.0
tfidf_is considered,0.0
tfidf_is encouraged,0.0
tfidf_is essential,0.0
tfidf_is expected,0.0
tfidf_is key,0.0
tfidf_is necessary,0.0
tfidf_is need,0.0
tfidf_is needed,0.0
tfidf_is not,0.0
tfidf_is required,0.0
tfidf_is strongly,0.0
tfidf_is the,0.0
tfidf_is to,0.0
tfidf_issue,0.0
tfidf_issues,0.0
tfidf_it,0.0
tfidf_it is,0.0
tfidf_it should,0.0
tfidf_it will,0.0
tfidf_its,0.0
tfidf_job,0.0
tfidf_jobs,0.0
tfidf_joint,0.0
tfidf_joint activities,0.0
tfidf_joint research,0.0
tfidf_jointly,0.0
tfidf_jrc,0.0
tfidf_jti,0.0
tfidf_ju,0.0
tfidf_judicial,0.0
tfidf_just,0.0
tfidf_justice,0.0
tfidf_key,0.0
tfidf_key enabling,0.0
tfidf_kg,0.0
tfidf_kic,0.0
tfidf_know,0.0
tfidf_know how,0.0
tfidf_knowledge,0.0
tfidf_knowledge and,0.0
tfidf_knowledge of,0.0
tfidf_knowledge on,0.0
tfidf_known,0.0
tfidf_kpi,0.0
tfidf_kpis,0.0
tfidf_kw,0.0
tfidf_la,0.0
tfidf_laboratory,0.0
tfidf_labour,0.0
tfidf_labour market,0.0
tfidf_labs,0.0
tfidf_lack,0.0
tfidf_lack of,0.0
tfidf_land,0.0
tfidf_land use,0.0
tfidf_landscape,0.0
tfidf_language,0.0
tfidf_large,0.0
tfidf_large scale,0.0
tfidf_larger,0.0
tfidf_last,0.0
tfidf_launch,0.0
tfidf_law,0.0
tfidf_law enforcement,0.0
tfidf_lc,0.0
tfidf_lca,0.0
tfidf_lead,0.0
tfidf_lead to,0.0
tfidf_leadership,0.0
tfidf_leading,0.0
tfidf_leading to,0.0
tfidf_learning,0.0
tfidf_learning and,0.0
tfidf_least,0.0
tfidf_least one,0.0
tfidf_least two,0.0
tfidf_led,0.0
tfidf_legal,0.0
tfidf_legislation,0.0
tfidf_less,0.0
tfidf_lessons,0.0
tfidf_level,0.0
tfidf_level and,0.0
tfidf_level in,0.0
tfidf_level of,0.0
tfidf_level the,0.0
tfidf_levels,0.0
tfidf_levels of,0.0
tfidf_leverage,0.0
tfidf_leveraging,0.0
tfidf_lex,0.0
tfidf_lex europa,0.0
tfidf_life,0.0
tfidf_life cycle,0.0
tfidf_lifetime,0.0
tfidf_light,0.0
tfidf_like,0.0
tfidf_likely,0.0
tfidf_limited,0.0
tfidf_limited to,0.0
tfidf_line,0.0
tfidf_line with,0.0
tfidf_lines,0.0
tfidf_link,0.0
tfidf_linked,0.0
tfidf_linked to,0.0
tfidf_linking,0.0
tfidf_links,0.0
tfidf_links with,0.0
tfidf_liquid,0.0
tfidf_list,0.0
tfidf_list of,0.0
tfidf_listed,0.0
tfidf_literacy,0.0
tfidf_livestock,0.0
tfidf_living,0.0
tfidf_living labs,0.0
tfidf_load,0.0
tfidf_local,0.0
tfidf_local and,0.0
tfidf_local authorities,0.0
tfidf_local communities,0.0
tfidf_local level,0.0
tfidf_local regional,0.0
tfidf_located,0.0
tfidf_location,0.0
tfidf_logistics,0.0
tfidf_long,0.0
tfidf_long term,0.0
tfidf_longer,0.0
tfidf_longer term,0.0
tfidf_looking,0.0
tfidf_loss,0.0
tfidf_losses,0.0
tfidf_low,0.0
tfidf_low carbon,0.0
tfidf_low cost,0.0
tfidf_year,0.0
tfidf_lump,0.0
tfidf_lump sum,0.0
tfidf_machine,0.0
tfidf_machine learning,0.0
tfidf_made,0.0
tfidf_made available,0.0
tfidf_main,0.0
tfidf_mainly,0.0
tfidf_maintain,0.0
tfidf_maintaining,0.0
tfidf_maintenance,0.0
tfidf_major,0.0
tfidf_make,0.0
tfidf_makers,0.0
tfidf_makers and,0.0
tfidf_making,0.0
tfidf_making and,0.0
tfidf_manage,0.0
tfidf_managed,0.0
tfidf_management,0.0
tfidf_management and,0.0
tfidf_management of,0.0
tfidf_managers,0.0
tfidf_managing,0.0
tfidf_mandatory,0.0
tfidf_manner,0.0
tfidf_manufacturers,0.0
tfidf_manufacturing,0.0
tfidf_many,0.0
tfidf_map,0.0
tfidf_mapping,0.0
tfidf_www,0.0
tfidf_maritime,0.0
tfidf_market,0.0
tfidf_market and,0.0
tfidf_market share,0.0
tfidf_market uptake,0.0
tfidf_marketing,0.0
tfidf_markets,0.0
tfidf_mass,0.0
tfidf_master,0.0
tfidf_material,0.0
tfidf_materials,0.0
tfidf_materials and,0.0
tfidf_materials for,0.0
tfidf_matters,0.0
tfidf_maturity,0.0
tfidf_maximise,0.0
tfidf_maximum,0.0
tfidf_maximum of,0.0
tfidf_may,0.0
tfidf_may also,0.0
tfidf_may be,0.0
tfidf_may include,0.0
tfidf_means,0.0
tfidf_means of,0.0
tfidf_measurable,0.0
tfidf_measure,0.0
tfidf_measurement,0.0
tfidf_measures,0.0
tfidf_measures and,0.0
tfidf_measures to,0.0
tfidf_measuring,0.0
tfidf_mechanical,0.0
tfidf_mechanism,0.0
tfidf_mechanisms,0.0
tfidf_media,0.0
tfidf_medical,0.0
tfidf_medicine,0.0
tfidf_mediterranean,0.0
tfidf_medium,0.0
tfidf_medium term,0.0
tfidf_meet,0.0
tfidf_meet the,0.0
tfidf_meeting,0.0
tfidf_meetings,0.0
tfidf_member,0.0
tfidf_member state,0.0
tfidf_member states,0.0
tfidf_members,0.0
tfidf_mental,0.0
tfidf_mental health,0.0
tfidf_mentioned,0.0
tfidf_method,0.0
tfidf_methodologies,0.0
tfidf_methodologies and,0.0
tfidf_methodology,0.0
tfidf_methods,0.0
tfidf_methods and,0.0
tfidf_methods for,0.0
tfidf_methods to,0.0
tfidf_metrics,0.0
tfidf_micro,0.0
tfidf_mid,0.0
tfidf_might,0.0
tfidf_migrants,0.0
tfidf_migration,0.0
tfidf_military,0.0
tfidf_million,0.0
tfidf_million would,0.0
tfidf_mines,0.0
tfidf_minimum,0.0
tfidf_mining,0.0
tfidf_miss,0.0
tfidf_mission,0.0
tfidf_missions,0.0
tfidf_mitigation,0.0
tfidf_mitigation and,0.0
tfidf_mix,0.0
tfidf_mixed,0.0
tfidf_mobile,0.0
tfidf_mobility,0.0
tfidf_mode,0.0
tfidf_model,0.0
tfidf_modelling,0.0
tfidf_modelling and,0.0
tfidf_models,0.0
tfidf_models and,0.0
tfidf_models for,0.0
tfidf_modern,0.0
tfidf_modes,0.0
tfidf_modular,0.0
tfidf_modules,0.0
tfidf_monitor,0.0
tfidf_monitoring,0.0
tfidf_monitoring and,0.0
tfidf_monitoring of,0.0
tfidf_months,0.0
tfidf_more,0.0
tfidf_more effective,0.0
tfidf_more efficient,0.0
tfidf_more of,0.0
tfidf_more sustainable,0.0
tfidf_more than,0.0
tfidf_moreover,0.0
tfidf_most,0.0
tfidf_move,0.0
tfidf_moving,0.0
tfidf_much,0.0
tfidf_multi,0.0
tfidf_multi actor,0.0
tfidf_multidisciplinary,0.0
tfidf_multimodal,0.0
tfidf_multiple,0.0
tfidf_must,0.0
tfidf_must be,0.0
tfidf_must include,0.0
tfidf_mutual,0.0
tfidf_nano,0.0
tfidf_national,0.0
tfidf_national and,0.0
tfidf_national level,0.0
tfidf_national or,0.0
tfidf_national regional,0.0
tfidf_natural,0.0
tfidf_nature,0.0
tfidf_nature based,0.0
tfidf_navigation,0.0
tfidf_nbs,0.0
tfidf_near,0.0
tfidf_necessary,0.0
tfidf_necessary for,0.0
tfidf_necessary to,0.0
tfidf_need,0.0
tfidf_need for,0.0
tfidf_need to,0.0
tfidf_needed,0.0
tfidf_needed for,0.0
tfidf_needed to,0.0
tfidf_needs,0.0
tfidf_needs and,0.0
tfidf_needs of,0.0
tfidf_needs to,0.0
tfidf_negative,0.0
tfidf_net,0.0
tfidf_network,0.0
tfidf_network and,0.0
tfidf_network of,0.0
tfidf_networking,0.0
tfidf_networking and,0.0
tfidf_networks,0.0
tfidf_networks and,0.0
tfidf_networks of,0.0
tfidf_neutral,0.0
tfidf_neutrality,0.0
tfidf_new,0.0
tfidf_new and,0.0
tfidf_new business,0.0
tfidf_new or,0.0
tfidf_new technologies,0.0
tfidf_newly,0.0
tfidf_next,0.0
tfidf_next generation,0.0
tfidf_ngos,0.0
tfidf_no,0.0
tfidf_noise,0.0
tfidf_non,0.0
tfidf_nonetheless,0.0
tfidf_nonetheless this,0.0
tfidf_not,0.0
tfidf_not allowed,0.0
tfidf_not be,0.0
tfidf_not limited,0.0
tfidf_not only,0.0
tfidf_not preclude,0.0
tfidf_notably,0.0
tfidf_note,0.0
tfidf_novel,0.0
tfidf_nuclear,0.0
tfidf_null,0.0
tfidf_number,0.0
tfidf_number of,0.0
tfidf_nutrient,0.0
tfidf_nutrients,0.0
tfidf_nutrition,0.0
tfidf_nutritional,0.0
tfidf_objective,0.0
tfidf_objective is,0.0
tfidf_objective of,0.0
tfidf_objective the,0.0
tfidf_objectives,0.0
tfidf_objectives and,0.0
tfidf_objectives of,0.0
tfidf_observation,0.0
kw_livestock,0.0
tfidf_услуги,0.0
tfidf_of action,0.0
tfidf_of activities,0.0
tfidf_of advanced,0.0
tfidf_of agricultural,0.0
tfidf_of ai,0.0
tfidf_of all,0.0
tfidf_of an,0.0
tfidf_of and,0.0
tfidf_of at,0.0
tfidf_of best,0.0
tfidf_of between,0.0
tfidf_of bio,0.0
tfidf_of both,0.0
tfidf_of buildings,0.0
tfidf_of citizens,0.0
tfidf_of climate,0.0
tfidf_of common,0.0
tfidf_of concept,0.0
tfidf_of critical,0.0
tfidf_of data,0.0
tfidf_of defence,0.0
tfidf_of different,0.0
tfidf_of digital,0.0
tfidf_of education,0.0
tfidf_of energy,0.0
tfidf_of eu,0.0
tfidf_of eur,0.0
tfidf_of europe,0.0
tfidf_of european,0.0
tfidf_of excellence,0.0
tfidf_of existing,0.0
tfidf_of food,0.0
tfidf_of future,0.0
tfidf_of good,0.0
tfidf_of health,0.0
tfidf_of high,0.0
tfidf_of horizon,0.0
tfidf_of hydrogen,0.0
tfidf_of industrial,0.0
tfidf_of information,0.0
tfidf_of innovation,0.0
tfidf_of innovative,0.0
tfidf_of its,0.0
tfidf_of key,0.0
tfidf_of knowledge,0.0
tfidf_of large,0.0
tfidf_of life,0.0
tfidf_of local,0.0
tfidf_of materials,0.0
tfidf_of more,0.0
tfidf_of multi,0.0
tfidf_of national,0.0
tfidf_of new,0.0
tfidf_of non,0.0
tfidf_of novel,0.0
tfidf_of open,0.0
tfidf_of other,0.0
tfidf_of products,0.0
tfidf_of project,0.0
tfidf_of projects,0.0
tfidf_of proposals,0.0
tfidf_of public,0.0
tfidf_of raw,0.0
tfidf_of regulation,0.0
tfidf_of relevant,0.0
tfidf_of renewable,0.0
tfidf_of research,0.0
tfidf_of resources,0.0
tfidf_of results,0.0
tfidf_of services,0.0
tfidf_of smes,0.0
tfidf_of social,0.0
tfidf_of solutions,0.0
tfidf_of specific,0.0
tfidf_of ssh,0.0
tfidf_of stakeholders,0.0
tfidf_of such,0.0
tfidf_of sustainable,0.0
tfidf_of technologies,0.0
tfidf_of the,0.0
tfidf_of their,0.0
tfidf_of these,0.0
tfidf_of this,0.0
tfidf_of transport,0.0
tfidf_of union,0.0
tfidf_of up,0.0
tfidf_of various,0.0
tfidf_of water,0.0
tfidf_off,0.0
tfidf_offer,0.0
tfidf_offered,0.0
tfidf_offering,0.0
tfidf_offs,0.0
tfidf_offshore,0.0
tfidf_often,0.0
tfidf_oj,0.0
tfidf_on,0.0
tfidf_on an,0.0
tfidf_on board,0.0
tfidf_on climate,0.0
tfidf_on existing,0.0
tfidf_on going,0.0
tfidf_on how,0.0
tfidf_on the,0.0
tfidf_on their,0.0
tfidf_one,0.0
tfidf_one of,0.0
tfidf_one or,0.0
tfidf_ones,0.0
tfidf_ongoing,0.0
tfidf_online,0.0
tfidf_only,0.0
tfidf_op,0.0
tfidf_open,0.0
tfidf_open access,0.0
tfidf_open innovation,0.0
tfidf_open science,0.0
tfidf_opening,0.0
tfidf_operate,0.0
tfidf_operating,0.0
tfidf_operation,0.0
tfidf_operation of,0.0
tfidf_operational,0.0
tfidf_operations,0.0
tfidf_operations and,0.0
tfidf_operators,0.0
tfidf_opportunities,0.0
tfidf_opportunities and,0.0
tfidf_opportunities for,0.0
tfidf_opportunity,0.0
tfidf_optimal,0.0
tfidf_optimisation,0.0
tfidf_optimisation of,0.0
tfidf_optimise,0.0
tfidf_optimised,0.0
tfidf_optional,0.0
tfidf_options,0.0
tfidf_or,0.0
tfidf_or in,0.0
tfidf_or intangible,0.0
tfidf_or more,0.0
tfidf_or new,0.0
tfidf_or other,0.0
tfidf_or regional,0.0
tfidf_or technology,0.0
tfidf_or the,0.0
tfidf_or to,0.0
tfidf_order,0.0
tfidf_order to,0.0
tfidf_org,0.0
tfidf_organic,0.0
tfidf_organic farming,0.0
tfidf_organisation,0.0
tfidf_organisation of,0.0
tfidf_organisational,0.0
tfidf_organisations,0.0
tfidf_organisations and,0.0
tfidf_organise,0.0
tfidf_organised,0.0
tfidf_oriented,0.0
tfidf_origin,0.0
tfidf_other,0.0
tfidf_other amounts,0.0
tfidf_other eu,0.0
tfidf_other projects,0.0
tfidf_other relevant,0.0
tfidf_others,0.0
tfidf_our,0.0
tfidf_out,0.0
tfidf_out in,0.0
tfidf_out of,0.0
tfidf_outcome,0.0
tfidf_outcome in,0.0
tfidf_outcome of,0.0
tfidf_outcome project,0.0
tfidf_outcome the,0.0
tfidf_outcomes,0.0
tfidf_outcomes and,0.0
tfidf_outlined,0.0
tfidf_outlined in,0.0
tfidf_output,0.0
tfidf_outputs,0.0
tfidf_outreach,0.0
tfidf_outside,0.0
tfidf_outside the,0.0
tfidf_over,0.0
tfidf_over the,0.0
tfidf_overall,0.0
tfidf_overcome,0.0
tfidf_own,0.0
tfidf_owners,0.0
tfidf_ownership,0.0
tfidf_package,0.0
tfidf_packaging,0.0
tfidf_paid,0.0
tfidf_paid to,0.0
tfidf_pan,0.0
tfidf_pan european,0.0
tfidf_parameters,0.0
tfidf_parliament,0.0
tfidf_parliament and,0.0
tfidf_part,0.0
tfidf_part of,0.0
tfidf_participants,0.0
tfidf_participate,0.0
tfidf_participate in,0.0
tfidf_participating,0.0
tfidf_participating in,0.0
tfidf_participating organisations,0.0
tfidf_participation,0.0
tfidf_participation in,0.0
tfidf_participation of,0.0
tfidf_participatory,0.0
tfidf_particular,0.0
tfidf_particular attention,0.0
tfidf_particular in,0.0
tfidf_particular the,0.0
tfidf_particular with,0.0
tfidf_particularly,0.0
tfidf_particularly in,0.0
tfidf_parties,0.0
tfidf_partner,0.0
tfidf_partners,0.0
tfidf_partnership,0.0
tfidf_partnerships,0.0
tfidf_parts,0.0
tfidf_parts of,0.0
tfidf_passenger,0.0
tfidf_past,0.0
tfidf_pathways,0.0
tfidf_patient,0.0
tfidf_patients,0.0
tfidf_patterns,0.0
tfidf_pdf,0.0
tfidf_peer,0.0
tfidf_people,0.0
tfidf_people and,0.0
tfidf_per,0.0
tfidf_perception,0.0
tfidf_perform,0.0
tfidf_performance,0.0
tfidf_performance and,0.0
tfidf_performance of,0.0
tfidf_performances,0.0
tfidf_performed,0.0
tfidf_performing,0.0
tfidf_period,0.0
tfidf_personal,0.0
tfidf_personalised,0.0
tfidf_persons,0.0
tfidf_perspective,0.0
tfidf_pest,0.0
tfidf_pesticides,0.0
tfidf_phase,0.0
tfidf_phases,0.0
tfidf_physical,0.0
tfidf_pillar,0.0
tfidf_pilot,0.0
tfidf_pilots,0.0
tfidf_pj,0.0
tfidf_place,0.0
tfidf_plan,0.0
tfidf_plan and,0.0
tfidf_plan for,0.0
tfidf_planned,0.0
tfidf_planning,0.0
tfidf_planning and,0.0
tfidf_plans,0.0
tfidf_plant,0.0
tfidf_plants,0.0
tfidf_plastic,0.0
tfidf_plastics,0.0
tfidf_platform,0.0
tfidf_platforms,0.0
tfidf_platforms and,0.0
tfidf_play,0.0
tfidf_players,0.0
tfidf_please,0.0
tfidf_please refer,0.0
tfidf_please see,0.0
tfidf_point,0.0
tfidf_points,0.0
tfidf_policies,0.0
tfidf_policies and,0.0
tfidf_policy,0.0
tfidf_policy and,0.0
tfidf_policy makers,0.0
tfidf_policy making,0.0
tfidf_policymakers,0.0
tfidf_political,0.0
tfidf_pollutants,0.0
tfidf_pollution,0.0
tfidf_population,0.0
tfidf_populations,0.0
tfidf_port,0.0
tfidf_portal,0.0
tfidf_portfolio,0.0
tfidf_ports,0.0
tfidf_position,0.0
tfidf_positive,0.0
tfidf_possibilities,0.0
tfidf_possibility,0.0
tfidf_possible,0.0
tfidf_possibly,0.0
tfidf_post,0.0
tfidf_potential,0.0
tfidf_potential for,0.0
tfidf_potential of,0.0
tfidf_potential to,0.0
tfidf_potentially,0.0
tfidf_power,0.0
tfidf_pp,0.0
tfidf_practical,0.0
tfidf_practice,0.0
tfidf_practices,0.0
tfidf_practices and,0.0
tfidf_practices in,0.0
tfidf_practitioners,0.0
tfidf_pre,0.0
tfidf_preclude,0.0
tfidf_preclude submission,0.0
tfidf_preclude the,0.0
tfidf_prediction,0.0
tfidf_predictive,0.0
tfidf_preliminary,0.0
tfidf_preparation,0.0
tfidf_preparation of,0.0
tfidf_preparatory,0.0
tfidf_prepare,0.0
tfidf_preparedness,0.0
tfidf_present,0.0
tfidf_presented,0.0
tfidf_preservation,0.0
tfidf_pressure,0.0
tfidf_prevent,0.0
tfidf_prevent and,0.0
tfidf_preventing,0.0
tfidf_prevention,0.0
tfidf_prevention and,0.0
tfidf_previous,0.0
tfidf_primary,0.0
tfidf_principal,0.0
tfidf_principal investigators,0.0
tfidf_principle,0.0
tfidf_principles,0.0
tfidf_priorities,0.0
tfidf_priorities and,0.0
tfidf_priorities international,0.0
tfidf_priorities socio,0.0
tfidf_priority,0.0
tfidf_privacy,0.0
tfidf_private,0.0
tfidf_private partnerships,0.0
tfidf_private sector,0.0
tfidf_prize,0.0
tfidf_problems,0.0
tfidf_procedures,0.0
tfidf_process,0.0
tfidf_process and,0.0
tfidf_process of,0.0
tfidf_processes,0.0
tfidf_processes and,0.0
tfidf_processing,0.0
tfidf_processing and,0.0
tfidf_procurement,0.0
tfidf_produce,0.0
tfidf_produced,0.0
tfidf_producers,0.0
tfidf_producing,0.0
tfidf_product,0.0
tfidf_product tangible,0.0
tfidf_production,0.0
tfidf_production and,0.0
tfidf_production of,0.0
tfidf_production systems,0.0
tfidf_productivity,0.0
tfidf_products,0.0
tfidf_products and,0.0
tfidf_products in,0.0
tfidf_professional,0.0
tfidf_professionals,0.0
tfidf_profile,0.0
tfidf_profiles,0.0
tfidf_program,0.0
tfidf_programme,0.0
tfidf_programme and,0.0
tfidf_programmes,0.0
tfidf_programmes and,0.0
tfidf_programming,0.0
tfidf_progress,0.0
tfidf_project,0.0
tfidf_project activities,0.0
tfidf_project and,0.0
tfidf_project in,0.0
tfidf_project is,0.0
tfidf_project results,0.0
tfidf_project see,0.0
tfidf_project should,0.0
tfidf_project the,0.0
tfidf_project will,0.0
tfidf_projects,0.0
tfidf_projects and,0.0
tfidf_projects are,0.0
tfidf_projects funded,0.0
tfidf_projects in,0.0
tfidf_projects should,0.0
tfidf_projects to,0.0
tfidf_projects under,0.0
tfidf_projects will,0.0
tfidf_promising,0.0
tfidf_promote,0.0
tfidf_promote the,0.0
tfidf_promoting,0.0
tfidf_promotion,0.0
tfidf_promotion of,0.0
tfidf_proof,0.0
tfidf_proof of,0.0
tfidf_properties,0.0
tfidf_property,0.0
tfidf_proposal,0.0
tfidf_proposal is,0.0
tfidf_proposal should,0.0
tfidf_proposal will,0.0
tfidf_proposals,0.0
tfidf_proposals are,0.0
tfidf_proposals for,0.0
tfidf_proposals may,0.0
tfidf_proposals must,0.0
tfidf_proposals requesting,0.0
tfidf_proposals shall,0.0
tfidf_proposals should,0.0
tfidf_proposals submitted,0.0
tfidf_proposals under,0.0
tfidf_proposals will,0.0
tfidf_propose,0.0
tfidf_proposed,0.0
tfidf_proposed activities,0.0
tfidf_proposed solutions,0.0
tfidf_propulsion,0.0
tfidf_protect,0.0
tfidf_protected,0.0
tfidf_protecting,0.0
tfidf_protection,0.0
tfidf_protection and,0.0
tfidf_protection of,0.0
tfidf_protein,0.0
tfidf_protocols,0.0
tfidf_prototype,0.0
tfidf_prototyping,0.0
tfidf_provide,0.0
tfidf_provide the,0.0
tfidf_provided,0.0
tfidf_provided by,0.0
tfidf_provided in,0.0
tfidf_providers,0.0
tfidf_provides,0.0
tfidf_providing,0.0
tfidf_provision,0.0
tfidf_provision of,0.0
tfidf_provisions,0.0
tfidf_public,0.0
tfidf_public and,0.0
tfidf_public authorities,0.0
tfidf_public health,0.0
tfidf_public private,0.0
tfidf_public procurement,0.0
tfidf_public sector,0.0
tfidf_publication,0.0
tfidf_publications,0.0
tfidf_published,0.0
tfidf_published in,0.0
tfidf_purpose,0.0
tfidf_purpose of,0.0
tfidf_purposes,0.0
tfidf_put,0.0
tfidf_qualification,0.0
tfidf_qualitative,0.0
tfidf_quality,0.0
tfidf_quality and,0.0
tfidf_quality of,0.0
tfidf_quality schemes,0.0
tfidf_quantitative,0.0
tfidf_quantum,0.0
tfidf_radar,0.0
tfidf_radiation,0.0
tfidf_rail,0.0
tfidf_raise,0.0
tfidf_raising,0.0
tfidf_range,0.0
tfidf_range of,0.0
tfidf_rapid,0.0
tfidf_rapidly,0.0
tfidf_rare,0.0
tfidf_rate,0.0
tfidf_rates,0.0
tfidf_raw,0.0
tfidf_raw materials,0.0
tfidf_re,0.0
tfidf_re use,0.0
tfidf_reach,0.0
tfidf_reaching,0.0
tfidf_readiness,0.0
tfidf_readiness level,0.0
tfidf_readiness levels,0.0
tfidf_ready,0.0
tfidf_real,0.0
tfidf_real time,0.0
tfidf_realistic,0.0
tfidf_recent,0.0
tfidf_recognition,0.0
tfidf_recognition of,0.0
tfidf_recommendations,0.0
tfidf_recommendations for,0.0
tfidf_recommended,0.0
tfidf_recovery,0.0
tfidf_recycling,0.0
tfidf_reduce,0.0
tfidf_reduce the,0.0
tfidf_reduced,0.0
tfidf_reducing,0.0
tfidf_reducing the,0.0
tfidf_reduction,0.0
tfidf_reduction in,0.0
tfidf_reduction of,0.0
tfidf_refer,0.0
tfidf_refer to,0.0
tfidf_reference,0.0
tfidf_referred,0.0
tfidf_refuelling,0.0
tfidf_regard,0.0
tfidf_regard to,0.0
tfidf_regarding,0.0
tfidf_regards,0.0
tfidf_region,0.0
tfidf_regional,0.0
tfidf_regional and,0.0
tfidf_regional level,0.0
tfidf_regional national,0.0
tfidf_regional or,0.0
text_length,0.0
tfidf_regions and,0.0
tfidf_regular,0.0
tfidf_regulation,0.0
tfidf_regulation eu,0.0
tfidf_regulations,0.0
tfidf_regulatory,0.0
tfidf_reinforce,0.0
tfidf_reinforcing,0.0
tfidf_related,0.0
tfidf_related to,0.0
tfidf_relating,0.0
tfidf_relating to,0.0
tfidf_relation,0.0
tfidf_relation to,0.0
tfidf_relevance,0.0
tfidf_relevant,0.0
tfidf_relevant actors,0.0
tfidf_relevant eu,0.0
tfidf_relevant for,0.0
tfidf_relevant projects,0.0
tfidf_relevant stakeholders,0.0
tfidf_relevant to,0.0
tfidf_reliability,0.0
tfidf_reliable,0.0
tfidf_remain,0.0
tfidf_remote,0.0
tfidf_renewable,0.0
tfidf_renewable energy,0.0
tfidf_renewables,0.0
tfidf_renovation,0.0
tfidf_replication,0.0
tfidf_report,0.0
tfidf_reported,0.0
tfidf_reporting,0.0
tfidf_reports,0.0
tfidf_represent,0.0
tfidf_representative,0.0
tfidf_representatives,0.0
tfidf_requested,0.0
tfidf_requesting,0.0
tfidf_requesting contribution,0.0
tfidf_requesting other,0.0
tfidf_require,0.0
tfidf_required,0.0
tfidf_required to,0.0
tfidf_requirement,0.0
tfidf_requirements,0.0
tfidf_requirements and,0.0
tfidf_requirements for,0.0
tfidf_requirements of,0.0
tfidf_requires,0.0
tfidf_res,0.0
publish_month,0.0
tfidf_research activities,0.0
tfidf_research and,0.0
tfidf_research area,0.0
tfidf_research centre,0.0
tfidf_research in,0.0
tfidf_research infrastructure,0.0
tfidf_research infrastructures,0.0
tfidf_research innovation,0.0
tfidf_research on,0.0
tfidf_research projects,0.0
tfidf_research results,0.0
tfidf_research should,0.0
tfidf_researchers,0.0
tfidf_researchers and,0.0
tfidf_residues,0.0
tfidf_resilience,0.0
tfidf_resilience and,0.0
tfidf_resilience of,0.0
tfidf_resilient,0.0
tfidf_resistance,0.0
tfidf_resolution,0.0
tfidf_resource,0.0
tfidf_resource efficiency,0.0
tfidf_resource efficient,0.0
tfidf_resources,0.0
tfidf_resources and,0.0
tfidf_resources to,0.0
tfidf_respect,0.0
tfidf_respect to,0.0
tfidf_respective,0.0
tfidf_respond,0.0
tfidf_respond to,0.0
tfidf_response,0.0
tfidf_response to,0.0
tfidf_responses,0.0
tfidf_responsible,0.0
tfidf_restoration,0.0
tfidf_result,0.0
tfidf_result in,0.0
tfidf_resulting,0.0
tfidf_resulting from,0.0
tfidf_resulting in,0.0
tfidf_results,0.0
tfidf_results and,0.0
tfidf_results are,0.0
tfidf_results of,0.0
tfidf_return,0.0
tfidf_reuse,0.0
tfidf_review,0.0
tfidf_ria,0.0
tfidf_right,0.0
tfidf_rights,0.0
tfidf_rights of,0.0
tfidf_risk,0.0
tfidf_risk assessment,0.0
tfidf_risk management,0.0
tfidf_risk of,0.0
tfidf_risks,0.0
tfidf_risks and,0.0
tfidf_road,0.0
tfidf_roadmap,0.0
tfidf_roadmaps,0.0
tfidf_robotics,0.0
tfidf_robust,0.0
tfidf_robustness,0.0
tfidf_role,0.0
tfidf_role in,0.0
tfidf_role of,0.0
tfidf_roll,0.0
tfidf_roll out,0.0
tfidf_roma,0.0
tfidf_route,0.0
tfidf_rri,0.0
tfidf_rules,0.0
tfidf_run,0.0
tfidf_running,0.0
publish_quarter,0.0
tfidf_rural areas,0.0
tfidf_safe,0.0
tfidf_safe and,0.0
tfidf_safety,0.0
tfidf_safety and,0.0
tfidf_safety of,0.0
tfidf_same,0.0
tfidf_same time,0.0
tfidf_satellite,0.0
tfidf_savings,0.0
tfidf_scalability,0.0
tfidf_scalable,0.0
tfidf_scale,0.0
tfidf_scale up,0.0
tfidf_scales,0.0
tfidf_scaling,0.0
tfidf_scaling up,0.0
tfidf_scenario,0.0
tfidf_scenarios,0.0
tfidf_scheme,0.0
tfidf_schemes,0.0
tfidf_school,0.0
tfidf_schools,0.0
tfidf_science,0.0
tfidf_science and,0.0
tfidf_sciences,0.0
tfidf_sciences and,0.0
tfidf_scientific,0.0
tfidf_scientific and,0.0
tfidf_scientists,0.0
funding_amount,0.0
tfidf_scope of,0.0
tfidf_scope proposals,0.0
tfidf_scope specific,0.0
tfidf_scope the,0.0
tfidf_scope this,0.0
tfidf_screening,0.0
tfidf_sea,0.0
tfidf_seamless,0.0
tfidf_second,0.0
tfidf_secondary,0.0
tfidf_section,0.0
tfidf_sector,0.0
tfidf_sector and,0.0
tfidf_sector in,0.0
tfidf_sectoral,0.0
tfidf_sectors,0.0
tfidf_sectors and,0.0
tfidf_secure,0.0
tfidf_security,0.0
tfidf_security and,0.0
tfidf_security of,0.0
tfidf_see,0.0
tfidf_see general,0.0
tfidf_see part,0.0
tfidf_seek,0.0
tfidf_selected,0.0
tfidf_selection,0.0
tfidf_selection of,0.0
tfidf_self,0.0
tfidf_sensing,0.0
tfidf_sensitive,0.0
tfidf_sensor,0.0
tfidf_sensors,0.0
tfidf_separation,0.0
tfidf_serve,0.0
tfidf_service,0.0
tfidf_services,0.0
tfidf_services and,0.0
tfidf_services for,0.0
tfidf_services in,0.0
tfidf_services to,0.0
tfidf_sesar,0.0
tfidf_set,0.0
tfidf_set of,0.0
tfidf_set out,0.0
tfidf_set up,0.0
tfidf_sets,0.0
tfidf_setting,0.0
tfidf_setting up,0.0
tfidf_settings,0.0
tfidf_several,0.0
tfidf_sex,0.0
tfidf_sex and,0.0
tfidf_sfs,0.0
tfidf_shall,0.0
tfidf_shall address,0.0
tfidf_shall be,0.0
tfidf_share,0.0
tfidf_share of,0.0
tfidf_shared,0.0
tfidf_sharing,0.0
tfidf_sharing and,0.0
tfidf_sharing of,0.0
tfidf_shipping,0.0
tfidf_short,0.0
tfidf_short term,0.0
tfidf_wood,0.0
tfidf_should address,0.0
tfidf_should aim,0.0
tfidf_should also,0.0
tfidf_should be,0.0
tfidf_should build,0.0
tfidf_should consider,0.0
tfidf_should contribute,0.0
tfidf_should cover,0.0
tfidf_should demonstrate,0.0
tfidf_should develop,0.0
tfidf_should ensure,0.0
tfidf_should focus,0.0
tfidf_should have,0.0
tfidf_should include,0.0
tfidf_should involve,0.0
tfidf_should not,0.0
tfidf_should provide,0.0
tfidf_should support,0.0
tfidf_should take,0.0
tfidf_show,0.0
tfidf_side,0.0
tfidf_significant,0.0
tfidf_significantly,0.0
tfidf_similar,0.0
tfidf_simple,0.0
tfidf_simulation,0.0
tfidf_since,0.0
tfidf_single,0.0
tfidf_site,0.0
tfidf_sites,0.0
tfidf_situ,0.0
tfidf_situation,0.0
tfidf_situational,0.0
tfidf_situational awareness,0.0
tfidf_situations,0.0
tfidf_size,0.0
tfidf_skills,0.0
tfidf_skills and,0.0
tfidf_small,0.0
tfidf_small and,0.0
tfidf_small scale,0.0
tfidf_smart,0.0
tfidf_smart specialisation,0.0
tfidf_sme,0.0
tfidf_smes,0.0
tfidf_smes and,0.0
tfidf_so,0.0
tfidf_so that,0.0
tfidf_social,0.0
tfidf_social and,0.0
tfidf_social innovation,0.0
tfidf_social sciences,0.0
tfidf_societal,0.0
tfidf_societal challenges,0.0
tfidf_societies,0.0
tfidf_society,0.0
tfidf_society and,0.0
tfidf_society organisations,0.0
tfidf_socio,0.0
tfidf_socio economic,0.0
tfidf_software,0.0
tfidf_soil,0.0
tfidf_soil health,0.0
tfidf_soils,0.0
tfidf_solar,0.0
tfidf_work,0.0
tfidf_solution,0.0
tfidf_solutions,0.0
tfidf_solutions and,0.0
tfidf_solutions for,0.0
tfidf_solutions in,0.0
tfidf_solutions should,0.0
tfidf_solutions that,0.0
tfidf_solutions to,0.0
tfidf_some,0.0
tfidf_some of,0.0
tfidf_sound,0.0
tfidf_source,0.0
tfidf_sources,0.0
tfidf_sources of,0.0
tfidf_space,0.0
tfidf_spaces,0.0
tfidf_spatial,0.0
tfidf_special,0.0
tfidf_specialisation,0.0
tfidf_specialised,0.0
tfidf_species,0.0
tfidf_specific,0.0
tfidf_specific challenge,0.0
tfidf_specific objectives,0.0
tfidf_specifically,0.0
tfidf_specifications,0.0
tfidf_spectrum,0.0
tfidf_speech,0.0
tfidf_speed,0.0
tfidf_sport,0.0
tfidf_spread,0.0
tfidf_sria,0.0
tfidf_ssh,0.0
tfidf_ssh disciplines,0.0
tfidf_stability,0.0
tfidf_stack,0.0
tfidf_staff,0.0
tfidf_stage,0.0
tfidf_stages,0.0
tfidf_stakeholder,0.0
tfidf_stakeholders,0.0
tfidf_stakeholders and,0.0
tfidf_stakeholders in,0.0
tfidf_standard,0.0
tfidf_standardisation,0.0
tfidf_standardised,0.0
tfidf_standards,0.0
tfidf_standards and,0.0
tfidf_start,0.0
tfidf_start at,0.0
tfidf_start ups,0.0
tfidf_starting,0.0
tfidf_state,0.0
tfidf_state of,0.0
tfidf_states,0.0
tfidf_states and,0.0
tfidf_status,0.0
tfidf_steel,0.0
tfidf_step,0.0
tfidf_steps,0.0
tfidf_still,0.0
tfidf_stimulate,0.0
tfidf_stock,0.0
tfidf_storage,0.0
tfidf_storage and,0.0
tfidf_strategic,0.0
tfidf_strategic research,0.0
tfidf_strategies,0.0
tfidf_strategies and,0.0
tfidf_strategies for,0.0
tfidf_strategies to,0.0
tfidf_strategy,0.0
tfidf_strategy and,0.0
tfidf_strategy for,0.0
tfidf_streams,0.0
tfidf_strengthen,0.0
tfidf_strengthen the,0.0
tfidf_strengthened,0.0
tfidf_strengthening,0.0
tfidf_strengthening the,0.0
tfidf_strong,0.0
tfidf_stronger,0.0
tfidf_strongly,0.0
tfidf_strongly encouraged,0.0
tfidf_structural,0.0
tfidf_structure,0.0
tfidf_structured,0.0
tfidf_structures,0.0
tfidf_students,0.0
tfidf_studies,0.0
tfidf_studies and,0.0
tfidf_study,0.0
tfidf_sub,0.0
tfidf_sub topic,0.0
tfidf_subject,0.0
tfidf_subject to,0.0
tfidf_submission,0.0
tfidf_submission and,0.0
tfidf_submitted,0.0
tfidf_submitted under,0.0
tfidf_subsequent,0.0
tfidf_substances,0.0
tfidf_substantial,0.0
tfidf_success,0.0
tfidf_successful,0.0
tfidf_successful proposal,0.0
tfidf_successful proposals,0.0
tfidf_such,0.0
tfidf_such as,0.0
tfidf_sufficient,0.0
tfidf_suitable,0.0
tfidf_sum,0.0
tfidf_suppliers,0.0
tfidf_supply,0.0
tfidf_supply and,0.0
tfidf_supply chain,0.0
tfidf_supply chains,0.0
tfidf_supply of,0.0
tfidf_support,0.0
tfidf_support action,0.0
tfidf_support actions,0.0
tfidf_support and,0.0
tfidf_support for,0.0
tfidf_support of,0.0
tfidf_support the,0.0
tfidf_support to,0.0
tfidf_support will,0.0
tfidf_supported,0.0
tfidf_supported by,0.0
tfidf_supported under,0.0
tfidf_supporting,0.0
tfidf_supporting the,0.0
tfidf_supports,0.0
tfidf_surface,0.0
tfidf_surveillance,0.0
tfidf_sustainability,0.0
tfidf_sustainability and,0.0
tfidf_sustainability of,0.0
tfidf_sustainable,0.0
tfidf_sustainable and,0.0
tfidf_sustainable development,0.0
tfidf_sustainable energy,0.0
tfidf_sustainable food,0.0
tfidf_synergies,0.0
tfidf_synergies and,0.0
tfidf_synergies between,0.0
tfidf_synergies with,0.0
tfidf_system,0.0
tfidf_system and,0.0
tfidf_system for,0.0
tfidf_systemic,0.0
tfidf_systems,0.0
tfidf_systems and,0.0
tfidf_systems for,0.0
tfidf_systems in,0.0
tfidf_systems the,0.0
tfidf_systems to,0.0
tfidf_tackle,0.0
tfidf_tackling,0.0
tfidf_tactical,0.0
tfidf_tailored,0.0
tfidf_take,0.0
tfidf_take into,0.0
tfidf_take place,0.0
tfidf_take up,0.0
tfidf_taken,0.0
tfidf_taken into,0.0
tfidf_taking,0.0
tfidf_taking into,0.0
tfidf_tangible,0.0
tfidf_tangible or,0.0
tfidf_target,0.0
tfidf_targeted,0.0
tfidf_targeting,0.0
tfidf_targets,0.0
tfidf_task,0.0
tfidf_tasks,0.0
tfidf_teacher,0.0
tfidf_teachers,0.0
tfidf_teaching,0.0
tfidf_team,0.0
tfidf_teams,0.0
tfidf_tech,0.0
tfidf_technical,0.0
tfidf_technical and,0.0
tfidf_techniques,0.0
tfidf_technological,0.0
tfidf_technologies,0.0
tfidf_technologies and,0.0
tfidf_technologies for,0.0
tfidf_technologies in,0.0
tfidf_technologies that,0.0
tfidf_technologies the,0.0
tfidf_technologies to,0.0
tfidf_technology,0.0
tfidf_technology and,0.0
tfidf_technology readiness,0.0
tfidf_temperature,0.0
tfidf_ten,0.0
tfidf_term,0.0
tfidf_terms,0.0
tfidf_terms of,0.0
tfidf_terrestrial,0.0
tfidf_test,0.0
tfidf_test and,0.0
tfidf_tested,0.0
tfidf_testing,0.0
tfidf_testing and,0.0
tfidf_testing of,0.0
tfidf_tests,0.0
tfidf_than,0.0
tfidf_thanks,0.0
tfidf_thanks to,0.0
tfidf_that,0.0
tfidf_that are,0.0
tfidf_that can,0.0
tfidf_that could,0.0
tfidf_that have,0.0
tfidf_that is,0.0
tfidf_that may,0.0
tfidf_that proposals,0.0
tfidf_that the,0.0
tfidf_that they,0.0
tfidf_that will,0.0
tfidf_that would,0.0
tfidf_work package,0.0
tfidf_the ability,0.0
tfidf_the above,0.0
tfidf_the action,0.0
tfidf_the actions,0.0
tfidf_the activities,0.0
tfidf_the aim,0.0
tfidf_the analysis,0.0
tfidf_the application,0.0
tfidf_the appropriate,0.0
tfidf_the area,0.0
tfidf_the areas,0.0
tfidf_the art,0.0
tfidf_the assessment,0.0
tfidf_the atm,0.0
tfidf_the availability,0.0
tfidf_the awareness,0.0
tfidf_the basis,0.0
tfidf_the benefits,0.0
tfidf_the best,0.0
tfidf_the bio,0.0
tfidf_the business,0.0
tfidf_the call,0.0
tfidf_the capacity,0.0
tfidf_the cef,0.0
tfidf_the challenge,0.0
tfidf_the challenges,0.0
tfidf_the child,0.0
tfidf_the clean,0.0
tfidf_the climate,0.0
tfidf_the co,0.0
tfidf_the commission,0.0
tfidf_the common,0.0
tfidf_the competitiveness,0.0
tfidf_the concept,0.0
tfidf_the conditions,0.0
tfidf_the consortium,0.0
tfidf_the context,0.0
tfidf_the cooperation,0.0
tfidf_the coordination,0.0
tfidf_the core,0.0
tfidf_the cost,0.0
tfidf_the costs,0.0
tfidf_the council,0.0
tfidf_the creation,0.0
tfidf_the current,0.0
tfidf_the data,0.0
tfidf_the definition,0.0
tfidf_the demonstration,0.0
tfidf_the deployment,0.0
tfidf_the design,0.0
tfidf_the developed,0.0
tfidf_the development,0.0
tfidf_the different,0.0
tfidf_the digital,0.0
tfidf_the economic,0.0
tfidf_the effective,0.0
tfidf_the effectiveness,0.0
tfidf_the efficiency,0.0
tfidf_the end,0.0
tfidf_the energy,0.0
tfidf_the entire,0.0
tfidf_the environment,0.0
tfidf_the environmental,0.0
tfidf_the eosc,0.0
tfidf_the era,0.0
tfidf_the establishment,0.0
tfidf_the eu,0.0
tfidf_the european,0.0
tfidf_the evaluation,0.0
tfidf_the exchange,0.0
tfidf_the existing,0.0
tfidf_the expected,0.0
tfidf_the extent,0.0
tfidf_the farm,0.0
tfidf_the feasibility,0.0
tfidf_the field,0.0
tfidf_the final,0.0
tfidf_the financial,0.0
tfidf_the first,0.0
tfidf_the focus,0.0
tfidf_the following,0.0
tfidf_the food,0.0
tfidf_the form,0.0
tfidf_the framework,0.0
tfidf_the full,0.0
tfidf_the funding,0.0
tfidf_the future,0.0
tfidf_the gender,0.0
tfidf_the general,0.0
tfidf_the global,0.0
tfidf_the grant,0.0
tfidf_the green,0.0
tfidf_the ground,0.0
tfidf_the health,0.0
tfidf_the high,0.0
tfidf_the horizon,0.0
tfidf_the hydrogen,0.0
tfidf_the identification,0.0
tfidf_the impact,0.0
tfidf_the impacts,0.0
tfidf_the implementation,0.0
tfidf_the industrial,0.0
tfidf_the industry,0.0
tfidf_the information,0.0
tfidf_the innovation,0.0
tfidf_the innovative,0.0
tfidf_the integration,0.0
tfidf_the international,0.0
tfidf_the introduction,0.0
tfidf_the involvement,0.0
tfidf_the joint,0.0
tfidf_the key,0.0
tfidf_the knowledge,0.0
tfidf_the level,0.0
tfidf_the life,0.0
tfidf_the local,0.0
tfidf_the long,0.0
tfidf_the main,0.0
tfidf_the management,0.0
tfidf_the market,0.0
tfidf_the maximum,0.0
tfidf_the member,0.0
tfidf_the mission,0.0
tfidf_the most,0.0
tfidf_the multi,0.0
tfidf_the national,0.0
tfidf_the necessary,0.0
tfidf_the need,0.0
tfidf_the needs,0.0
tfidf_the network,0.0
tfidf_the new,0.0
tfidf_the next,0.0
tfidf_the number,0.0
tfidf_the objective,0.0
tfidf_the objectives,0.0
tfidf_the operational,0.0
tfidf_the organisation,0.0
tfidf_the other,0.0
tfidf_the outcome,0.0
tfidf_the overall,0.0
tfidf_the participating,0.0
tfidf_the participation,0.0
tfidf_the partnership,0.0
tfidf_the performance,0.0
tfidf_the pilot,0.0
tfidf_the platform,0.0
tfidf_the possibility,0.0
tfidf_the potential,0.0
tfidf_the present,0.0
tfidf_the private,0.0
tfidf_the process,0.0
tfidf_the production,0.0
tfidf_the programme,0.0
tfidf_the project,0.0
tfidf_the projects,0.0
tfidf_the proposal,0.0
tfidf_the proposals,0.0
tfidf_the proposed,0.0
tfidf_the protection,0.0
tfidf_the provision,0.0
tfidf_the public,0.0
tfidf_the purpose,0.0
tfidf_the quality,0.0
tfidf_the range,0.0
tfidf_the reduction,0.0
tfidf_the region,0.0
tfidf_the related,0.0
tfidf_the relevant,0.0
tfidf_the required,0.0
tfidf_the requirements,0.0
tfidf_the research,0.0
tfidf_the respective,0.0
tfidf_the results,0.0
tfidf_the right,0.0
tfidf_the rights,0.0
tfidf_the role,0.0
tfidf_the safety,0.0
tfidf_the same,0.0
tfidf_the scientific,0.0
tfidf_the scope,0.0
tfidf_the sector,0.0
tfidf_the security,0.0
tfidf_the selected,0.0
tfidf_the services,0.0
tfidf_the short,0.0
tfidf_the social,0.0
tfidf_the solution,0.0
tfidf_the solutions,0.0
tfidf_the specific,0.0
tfidf_the state,0.0
tfidf_the strategic,0.0
tfidf_the submission,0.0
tfidf_the successful,0.0
tfidf_the supply,0.0
tfidf_the support,0.0
tfidf_the sustainability,0.0
tfidf_the sustainable,0.0
tfidf_the system,0.0
tfidf_the target,0.0
tfidf_the targeted,0.0
tfidf_the technical,0.0
tfidf_the technology,0.0
tfidf_the topic,0.0
tfidf_the total,0.0
tfidf_the transition,0.0
tfidf_the union,0.0
tfidf_the uptake,0.0
tfidf_the use,0.0
tfidf_the value,0.0
tfidf_the various,0.0
tfidf_the water,0.0
tfidf_the way,0.0
tfidf_the whole,0.0
tfidf_the wider,0.0
tfidf_the work,0.0
tfidf_the world,0.0
tfidf_their,0.0
tfidf_their market,0.0
tfidf_them,0.0
tfidf_them to,0.0
tfidf_thematic,0.0
tfidf_themes,0.0
tfidf_therapeutic,0.0
tfidf_therapies,0.0
tfidf_there,0.0
tfidf_there are,0.0
tfidf_there is,0.0
tfidf_thereby,0.0
tfidf_therefore,0.0
tfidf_thermal,0.0
tfidf_these,0.0
tfidf_these activities,0.0
tfidf_they,0.0
tfidf_they are,0.0
tfidf_they can,0.0
tfidf_they should,0.0
tfidf_they will,0.0
tfidf_third,0.0
tfidf_third countries,0.0
tfidf_third country,0.0
tfidf_third parties,0.0
tfidf_work plan,0.0
tfidf_this action,0.0
tfidf_this activity,0.0
tfidf_this area,0.0
tfidf_this call,0.0
tfidf_this challenge,0.0
tfidf_this context,0.0
tfidf_this does,0.0
tfidf_this includes,0.0
tfidf_this is,0.0
tfidf_this should,0.0
tfidf_this specific,0.0
tfidf_this topic,0.0
tfidf_this will,0.0
tfidf_this work,0.0
tfidf_those,0.0
tfidf_threat,0.0
tfidf_threats,0.0
tfidf_three,0.0
tfidf_through,0.0
tfidf_through the,0.0
tfidf_throughout,0.0
tfidf_throughout the,0.0
tfidf_thus,0.0
tfidf_time,0.0
tfidf_time and,0.0
tfidf_time to,0.0
tfidf_timely,0.0
tfidf_times,0.0
tfidf_to,0.0
tfidf_to accelerate,0.0
tfidf_to achieve,0.0
tfidf_to address,0.0
tfidf_to all,0.0
tfidf_to allow,0.0
tfidf_to an,0.0
tfidf_to and,0.0
tfidf_to apply,0.0
tfidf_to assess,0.0
tfidf_to avoid,0.0
tfidf_to be,0.0
tfidf_to become,0.0
tfidf_to better,0.0
tfidf_to bring,0.0
tfidf_to build,0.0
tfidf_to climate,0.0
tfidf_to contribute,0.0
tfidf_to cover,0.0
tfidf_to create,0.0
tfidf_to define,0.0
tfidf_to deliver,0.0
tfidf_to demonstrate,0.0
tfidf_to design,0.0
tfidf_to develop,0.0
tfidf_to enable,0.0
tfidf_to engage,0.0
tfidf_to enhance,0.0
tfidf_to ensure,0.0
tfidf_to establish,0.0
tfidf_to eu,0.0
tfidf_to eur,0.0
tfidf_to european,0.0
tfidf_to explore,0.0
tfidf_to facilitate,0.0
tfidf_to fork,0.0
tfidf_to foster,0.0
tfidf_to further,0.0
tfidf_to have,0.0
tfidf_to help,0.0
tfidf_to identify,0.0
tfidf_to implement,0.0
tfidf_to improve,0.0
tfidf_to include,0.0
tfidf_to increase,0.0
tfidf_to integrate,0.0
tfidf_to kpi,0.0
tfidf_to make,0.0
tfidf_to market,0.0
tfidf_to maximise,0.0
tfidf_to measure,0.0
tfidf_to meet,0.0
tfidf_to monitor,0.0
tfidf_to more,0.0
tfidf_to new,0.0
tfidf_to operate,0.0
tfidf_to optimise,0.0
tfidf_to other,0.0
tfidf_to overcome,0.0
tfidf_to participate,0.0
tfidf_to prevent,0.0
tfidf_to produce,0.0
tfidf_to promote,0.0
tfidf_to provide,0.0
tfidf_to reach,0.0
tfidf_to reduce,0.0
tfidf_to research,0.0
tfidf_to start,0.0
tfidf_to strengthen,0.0
tfidf_to support,0.0
tfidf_to tackle,0.0
tfidf_to take,0.0
tfidf_work programme,0.0
tfidf_to their,0.0
tfidf_to third,0.0
tfidf_to this,0.0
tfidf_to understand,0.0
tfidf_to use,0.0
tfidf_to which,0.0
tfidf_to work,0.0
tfidf_today,0.0
tfidf_together,0.0
tfidf_together with,0.0
tfidf_tool,0.0
tfidf_tools,0.0
tfidf_tools and,0.0
tfidf_tools for,0.0
tfidf_tools to,0.0
tfidf_topic,0.0
tfidf_topic aims,0.0
tfidf_topic and,0.0
tfidf_topic are,0.0
tfidf_topic conditions,0.0
tfidf_topic descriptions,0.0
tfidf_topic horizon,0.0
tfidf_topic is,0.0
tfidf_topic should,0.0
tfidf_topic the,0.0
tfidf_topic will,0.0
tfidf_topics,0.0
tfidf_total,0.0
tfidf_tourism,0.0
tfidf_towards,0.0
tfidf_towards the,0.0
tfidf_track,0.0
tfidf_tracking,0.0
tfidf_trade,0.0
tfidf_trade offs,0.0
tfidf_traditional,0.0
tfidf_traffic,0.0
tfidf_trafficking,0.0
tfidf_train,0.0
tfidf_training,0.0
tfidf_training activities,0.0
tfidf_training and,0.0
tfidf_trajectory,0.0
tfidf_trans,0.0
tfidf_transfer,0.0
tfidf_transfer of,0.0
tfidf_transformation,0.0
tfidf_transformative,0.0
tfidf_transition,0.0
tfidf_transition to,0.0
tfidf_transition towards,0.0
tfidf_transmission,0.0
tfidf_transnational,0.0
tfidf_transparency,0.0
tfidf_transparent,0.0
tfidf_transport,0.0
tfidf_transport and,0.0
tfidf_transport infrastructure,0.0
tfidf_transportation,0.0
tfidf_travel,0.0
tfidf_treatment,0.0
tfidf_trends,0.0
tfidf_trial,0.0
tfidf_trial not,0.0
tfidf_trial optional,0.0
tfidf_trials,0.0
tfidf_triggered,0.0
tfidf_triggered by,0.0
tfidf_trl,0.0
tfidf_trl and,0.0
tfidf_trl at,0.0
tfidf_trl by,0.0
tfidf_trucks,0.0
tfidf_trust,0.0
tfidf_twinning,0.0
tfidf_two,0.0
tfidf_two stage,0.0
tfidf_type,0.0
tfidf_type of,0.0
tfidf_types,0.0
tfidf_types of,0.0
tfidf_ultimate,0.0
tfidf_un,0.0
tfidf_und,0.0
tfidf_under,0.0
tfidf_under horizon,0.0
tfidf_under the,0.0
tfidf_under this,0.0
tfidf_underlying,0.0
tfidf_understand,0.0
tfidf_understanding,0.0
tfidf_understanding of,0.0
tfidf_undertaken,0.0
tfidf_underwater,0.0
tfidf_union,0.0
tfidf_union quality,0.0
tfidf_unit,0.0
tfidf_units,0.0
tfidf_universities,0.0
tfidf_unmanned,0.0
tfidf_up,0.0
tfidf_up and,0.0
tfidf_up of,0.0
tfidf_up the,0.0
tfidf_up to,0.0
tfidf_updated,0.0
tfidf_upgrade,0.0
tfidf_upon,0.0
tfidf_ups,0.0
tfidf_uptake,0.0
tfidf_uptake of,0.0
tfidf_urban,0.0
tfidf_urban areas,0.0
tfidf_uri,0.0
tfidf_us,0.0
tfidf_usage,0.0
tfidf_use,0.0
tfidf_use and,0.0
tfidf_use cases,0.0
tfidf_use in,0.0
tfidf_use of,0.0
tfidf_use the,0.0
tfidf_used,0.0
tfidf_used for,0.0
tfidf_used in,0.0
tfidf_used to,0.0
tfidf_useful,0.0
tfidf_user,0.0
tfidf_users,0.0
tfidf_users and,0.0
tfidf_uses,0.0
tfidf_using,0.0
tfidf_using the,0.0
tfidf_utilisation,0.0
tfidf_validate,0.0
tfidf_validated,0.0
tfidf_validation,0.0
tfidf_validation of,0.0
tfidf_valorisation,0.0
tfidf_valuable,0.0
tfidf_value,0.0
tfidf_value chain,0.0
tfidf_value chains,0.0
tfidf_value of,0.0
tfidf_values,0.0
tfidf_variety,0.0
tfidf_variety of,0.0
tfidf_various,0.0
tfidf_vehicle,0.0
tfidf_vehicles,0.0
tfidf_verification,0.0
tfidf_very,0.0
tfidf_vessel,0.0
tfidf_vessels,0.0
tfidf_vet,0.0
tfidf_via,0.0
tfidf_viability,0.0
tfidf_viability of,0.0
tfidf_viable,0.0
tfidf_victims,0.0
tfidf_victims of,0.0
tfidf_view,0.0
tfidf_view of,0.0
tfidf_view to,0.0
tfidf_violence,0.0
tfidf_violence against,0.0
tfidf_virtual,0.0
tfidf_visibility,0.0
tfidf_vision,0.0
tfidf_vocational,0.0
tfidf_volume,0.0
tfidf_vulnerability,0.0
tfidf_vulnerable,0.0
tfidf_was,0.0
tfidf_waste,0.0
tfidf_workers,0.0
tfidf_water and,0.0
tfidf_waterborne,0.0
tfidf_way,0.0
tfidf_ways,0.0
tfidf_ways to,0.0
tfidf_weather,0.0
tfidf_web,0.0
tfidf_weight,0.0
tfidf_welfare,0.0
tfidf_well,0.0
tfidf_well as,0.0
tfidf_well being,0.0
tfidf_what,0.0
tfidf_when,0.0
tfidf_where,0.0
tfidf_where appropriate,0.0
tfidf_where relevant,0.0
tfidf_where the,0.0
tfidf_wherever,0.0
tfidf_whether,0.0
tfidf_which,0.0
tfidf_which are,0.0
tfidf_which can,0.0
tfidf_which is,0.0
tfidf_which the,0.0
tfidf_which will,0.0
tfidf_while,0.0
tfidf_whilst,0.0
tfidf_who,0.0
tfidf_whole,0.0
tfidf_wide,0.0
tfidf_wide range,0.0
tfidf_widely,0.0
tfidf_widening,0.0
tfidf_wider,0.0
tfidf_workforce,0.0
tfidf_will address,0.0
tfidf_will allow,0.0
tfidf_will also,0.0
tfidf_will be,0.0
tfidf_will contribute,0.0
tfidf_will enable,0.0
tfidf_will have,0.0
tfidf_will help,0.0
tfidf_will not,0.0
tfidf_will provide,0.0
tfidf_will support,0.0
tfidf_wind,0.0
tfidf_with,0.0
tfidf_with an,0.0
tfidf_with and,0.0
tfidf_with eu,0.0
tfidf_with european,0.0
tfidf_with existing,0.0
tfidf_with high,0.0
tfidf_with other,0.0
tfidf_with regard,0.0
tfidf_with relevant,0.0
tfidf_with respect,0.0
tfidf_with the,0.0
tfidf_with view,0.0
tfidf_within,0.0
tfidf_within the,0.0
tfidf_without,0.0
tfidf_women,0.0
tfidf_working,0.0
tfidf_years,0.0
tfidf_yes,0.0
tfidf_yet,0.0
tfidf_yield,0.0
tfidf_young,0.0
tfidf_young people,0.0
tfidf_youth,0.0
tfidf_zero,0.0
tfidf_ес,0.0
tfidf_за,0.0
tfidf_на,0.0
tfidf_от,0.0
tfidf_относно,0.0
tfidf_по,0.0
kw_irrigation,0.0
tfidf_works,0.0
tfidf_workshops,0.0
kw_forest,0.0
kw_aqua,0.0
kw_value_chain,0.0
source_system_eu_ftop,0.0
source_system_grants_gov,0.0
donor_type_government,0.0
donor_type_supranational,0.0
programme_name_2014 - 2020,0.0
programme_name_2021 - 2027,0.0
opportunity_type_call_for_proposals,0.0
opportunity_type_grant_opportunity,0.0
status_standard_forecast,0.0
status_standard_open,0.0
status_standard_unknown,0.0
